SessionDate,DayOfWeek,WeekNumber,StartTimeGMT,EndTimeGMT,SessionTitle,SessionCategory,SessionType,Workstream,TrainerName,TargetRegions,Language,TargetAudience,Status,EventFlag,FlagDetail,Description,RecurringSeries,SeriesName,Notes
01/01/2026,Thursday,1,,,New Years Day,,,,,APAC;EMEA;UK;LATAM;NA-Eastern;NA-Pacific,English,All Staff,Completed,Public Holiday,New Years Day,,No,,
02/01/2026,Friday,1,,,Office Closed,,,,,UK;EMEA;NA-Eastern;NA-Pacific,English,All Staff,Completed,Public Holiday,Office Closed,,No,,
05/01/2026,Monday,1,,,,,,,,,,,,,,,,,
06/01/2026,Tuesday,2,14:00,15:00,Pencil 101,Pencil,Live Workshop,Tech L&D,Enrique,LATAM;UK;NA-Eastern,English,All Staff,Completed,Training Session,,In this Pencil 101 session we will walk you through a high level overview of Pencil and it's features and benefits.,Yes,Pencil Silver Pathway,
07/01/2026,Wednesday,2,14:00,15:00,Pencil Copy and Strategy,Pencil,Live Workshop,Tech L&D,Enrique,LATAM;UK;NA-Eastern,English,Creative,Completed,Training Session,,The key to a good marketing campaign is a clear strategy.  This course explores the essential techniques for generating strategy and content to enhance your marketing efforts. Learn how to utilise LLMs to produce copy in multiple languages and explore text analysis tools to refine your content,Yes,Pencil Silver Pathway,
08/01/2026,Thursday,2,09:30,10:30,Text Prompting for Beginners,Gen AI,Live Workshop,Tech L&D,Enrique,APAC;EMEA,English,All Staff,Completed,Training Session,,"This interactive course provides real time, hands-on experience in crafting effective text prompts for storytelling, copywriting, and idea generation. Join us live and take the first step towards becoming a master of text prompting!",No,,
08/01/2026,Thursday,2,14:00,15:00,Pencil Image Generation,Pencil,Live Workshop,Tech L&D,Enrique,LATAM;UK;NA-Eastern,English,Creative,Completed,Training Session,,Master the art of creating effective prompts for image generation! Discover how to craft detailed prompts and delve into various image generation models. Amend prompts with ease and utilise Pencil’s editing tools to ensure assets meet design briefs and accelerate your campaign.,Yes,Pencil Silver Pathway,
09/01/2026,Friday,2,09:30,10:30,Creating AI Agents in the Sandbox,Gen AI,Live Workshop,Tech L&D,Enrique,APAC;EMEA,English,All Staff,Completed,Training Session,,Don't miss this unique opportunity to learn how to build your own AI assistants that can automate repetitive tasks and enhance your creative workflow. Join us on this AI journey and transform the way you work! ,No,,
09/01/2026,Friday,2,14:00,15:00,Pencil Video Generation,Pencil,Live Workshop,Tech L&D,Enrique,LATAM;UK;NA-Eastern,English,Creative,Completed,Training Session,,Placeholder text,Yes,Pencil Silver Pathway,
12/01/2026,Monday,3,14:00,15:00,Pencil Building and Using Templates,Pencil,Live Workshop,Tech L&D,Enrique,LATAM;UK;NA-Eastern,English,Creative,Completed,Training Session,,"Explore how to create and edit templates using text, images, music, animations, and brand assets. This course will help you to streamline your creative process and generate dynamic content efficiently and quickly. Get producing high-quality, multi-format creatives that perfectly match your brand. ",Yes,Pencil Silver Pathway,
13/01/2026,Tuesday,3,09:30,10:30,The Basics of Image Prompting,Gen AI,Live Workshop,Tech L&D,Enrique,APAC;EMEA,English,All Staff,Completed,Training Session,,"This course will guide you from the basics of creating simple prompts to advanced techniques for crafting detailed and specific prompts that produce high-quality images. You'll learn to use AI for various purposes, including artistic creations and professional designs.",No,,
13/01/2026,Tuesday,3,14:00,15:00,Pencil Generating Creatives in Bulk,Pencil,Live Workshop,Tech L&D,Enrique,LATAM;UK;NA-Eastern,English,Creative,Completed,Training Session,,Placeholder text,Yes,Pencil Silver Pathway,
14/01/2026,Wednesday,3,14:00,15:00,The Basics of Image Prompting,Gen AI,Live Workshop,Tech L&D,Enrique,LATAM;UK;NA-Eastern,English,All Staff,Completed,Training Session,,"This course will guide you from the basics of creating simple prompts to advanced techniques for crafting detailed and specific prompts that produce high-quality images. You'll learn to use AI for various purposes, including artistic creations and professional designs.",No,,
14/01/2026,Wednesday,3,15:00,16:00,The Basics of Image Prompting,Gen AI,Live Workshop,Tech L&D,Enrique,NA-Eastern;NA-Pacific,English,All Staff,Completed,Training Session,,"This course will guide you from the basics of creating simple prompts to advanced techniques for crafting detailed and specific prompts that produce high-quality images. You'll learn to use AI for various purposes, including artistic creations and professional designs.",No,,
15/01/2026,Thursday,3,09:30,10:30,Text Prompting for Social,Gen AI,Live Workshop,Tech L&D,Enrique,APAC;EMEA,English,Social,Completed,Training Session,,"This interactive instructor-led session offers real-time, hands-on experience in crafting powerful text prompts to generate high-impact social media posts, captions, and campaign ideas. Join us live and learn how to harness AI’s creativity to elevate your brand’s online presence!",No,,
15/01/2026,Thursday,3,14:00,15:00,Text Prompting for Social,Gen AI,Live Workshop,Tech L&D,Enrique,LATAM;UK;NA-Eastern,English,Social,Completed,Training Session,,"This interactive instructor-led session offers real-time, hands-on experience in crafting powerful text prompts to generate high-impact social media posts, captions, and campaign ideas. Join us live and learn how to harness AI’s creativity to elevate your brand’s online presence!",No,,
16/01/2026,Friday,3,09:30,10:30,Text Prompting for Project Managers,Gen AI,Live Workshop,Tech L&D,Enrique,APAC;EMEA,English,AM's and PM's,Completed,Training Session,,"This interactive, instructor-led session provides real-time, hands-on experience in crafting effective text prompts for generating timing plans, risk logs, and meeting notes, among other tasks. Join us live and take the first step towards accelerating your performance!",No,,
16/01/2026,Friday,3,14:00,15:00,Text Prompting for Project Managers,Gen AI,Live Workshop,Tech L&D,Enrique,LATAM;UK;NA-Eastern,English,AM's and PM's,Completed,Training Session,,"This interactive, instructor-led session provides real-time, hands-on experience in crafting effective text prompts for generating timing plans, risk logs, and meeting notes, among other tasks. Join us live and take the first step towards accelerating your performance!",No,,
19/01/2026,Monday,4,09:30,10:30,Pencil 101,Pencil,Live Workshop,Tech L&D,Enrique,APAC;EMEA,English,All Staff,Completed,Training Session,,In this Pencil 101 session we will walk you through a high level overview of Pencil and it's features and benefits.,Yes,Pencil Silver Pathway,
19/01/2026,Monday,4,14:00,15:00,AI Office Hours,Gen AI,Office Hours,Tech L&D,Enrique,LATAM;UK;NA-Eastern,English,All Staff,Completed,Training Session,,Have you completed your Gen AI training but need some additional support? Come along to one of our weekly AI Office hours and we can help you overcome your AI challenges in Pencil or the Sandbox. ,Yes,AI Office Hours,
19/01/2026,Monday,4,15:00,16:00,AI Office Hours,Gen AI,Office Hours,Tech L&D,Enrique,NA-Eastern;NA-Pacific,English,All Staff,Completed,Training Session,,Have you completed your Gen AI training but need some additional support? Come along to one of our weekly AI Office hours and we can help you overcome your AI challenges in Pencil or the Sandbox. ,Yes,AI Office Hours,
19/01/2026,Monday,4,18:00,19:00,Pencil 101,Pencil,Live Workshop,Pencil,Vanessa,LATAM,Brazilian Portuguese,All Staff,Completed,Training Session,,In this Pencil 101 session we will walk you through a high level overview of Pencil and it's features and benefits.,Yes,Pencil Silver Pathway,
19/01/2026,Monday,4,21:00,22:00,Pencil 101,Pencil,Live Workshop,Pencil,Vanessa,NA-Eastern;NA-Pacific,English,All Staff,Completed,Training Session,,In this Pencil 101 session we will walk you through a high level overview of Pencil and it's features and benefits.,Yes,Pencil Silver Pathway,
20/01/2026,Tuesday,4,09:30,10:30,Pencil Copy and Strategy,Pencil,Live Workshop,Tech L&D,Enrique,APAC;EMEA,English,Creative,Completed,Training Session,,The key to a good marketing campaign is a clear strategy.  This course explores the essential techniques for generating strategy and content to enhance your marketing efforts. Learn how to utilise LLMs to produce copy in multiple languages and explore text analysis tools to refine your content,Yes,Pencil Silver Pathway,
20/01/2026,Tuesday,4,18:00,19:00,Pencil Copy and Strategy,Pencil,Live Workshop,Pencil,Vanessa,LATAM,Brazilian Portuguese,Creative,Completed,Training Session,,The key to a good marketing campaign is a clear strategy.  This course explores the essential techniques for generating strategy and content to enhance your marketing efforts. Learn how to utilise LLMs to produce copy in multiple languages and explore text analysis tools to refine your content,Yes,Pencil Silver Pathway,
20/01/2026,Tuesday,4,21:00,22:00,Pencil Copy and Strategy,Pencil,Live Workshop,Pencil,Vanessa,NA-Eastern;NA-Pacific,English,Creative,Completed,Training Session,,The key to a good marketing campaign is a clear strategy.  This course explores the essential techniques for generating strategy and content to enhance your marketing efforts. Learn how to utilise LLMs to produce copy in multiple languages and explore text analysis tools to refine your content,Yes,Pencil Silver Pathway,
21/01/2026,Wednesday,4,09:30,10:30,Pencil Image Generation,Pencil,Live Workshop,Tech L&D,Enrique,APAC;EMEA,English,Creative,Completed,Training Session,,Master the art of creating effective prompts for image generation! Discover how to craft detailed prompts and delve into various image generation models. Amend prompts with ease and utilise Pencil’s editing tools to ensure assets meet design briefs and accelerate your campaign.,Yes,Pencil Silver Pathway,
21/01/2026,Wednesday,4,18:00,19:00,Pencil Image Generation,Pencil,Live Workshop,Pencil,Vanessa,LATAM,Brazilian Portuguese,Creative,Completed,Training Session,,Master the art of creating effective prompts for image generation! Discover how to craft detailed prompts and delve into various image generation models. Amend prompts with ease and utilise Pencil’s editing tools to ensure assets meet design briefs and accelerate your campaign.,Yes,Pencil Silver Pathway,
21/01/2026,Wednesday,4,21:00,22:00,Pencil Image Generation,Pencil,Live Workshop,Pencil,Vanessa,NA-Eastern;NA-Pacific,English,Creative,Completed,Training Session,,Master the art of creating effective prompts for image generation! Discover how to craft detailed prompts and delve into various image generation models. Amend prompts with ease and utilise Pencil’s editing tools to ensure assets meet design briefs and accelerate your campaign.,Yes,Pencil Silver Pathway,
22/01/2026,Thursday,4,09:30,10:30,Pencil Video Generation,Pencil,Live Workshop,Tech L&D,Enrique,APAC;EMEA,English,Creative,Completed,Training Session,,Placeholder text,Yes,Pencil Silver Pathway,
22/01/2026,Thursday,4,14:00,15:00,Creating AI Agents in the Sandbox,Gen AI,Live Workshop,Tech L&D,Enrique,LATAM;UK;NA-Eastern,English,All Staff,Completed,Training Session,,Don't miss this unique opportunity to learn how to build your own AI assistants that can automate repetitive tasks and enhance your creative workflow. Join us on this AI journey and transform the way you work! ,No,,
22/01/2026,Thursday,4,18:00,19:00,Pencil Video Generation,Pencil,Live Workshop,Pencil,Vanessa,LATAM,Brazilian Portuguese,Creative,Completed,Training Session,,Placeholder text,Yes,Pencil Silver Pathway,
22/01/2026,Thursday,4,21:00,22:00,Pencil Video Generation,Pencil,Live Workshop,Pencil,Vanessa,NA-Eastern;NA-Pacific,English,Creative,Completed,Training Session,,Placeholder text,Yes,Pencil Silver Pathway,
23/01/2026,Friday,4,09:30,10:30,Pencil Building and Using Templates,Pencil,Live Workshop,Tech L&D,Enrique,APAC;EMEA,English,Creative,Completed,Training Session,,"Explore how to create and edit templates using text, images, music, animations, and brand assets. This course will help you to streamline your creative process and generate dynamic content efficiently and quickly. Get producing high-quality, multi-format creatives that perfectly match your brand. ",Yes,Pencil Silver Pathway,
23/01/2026,Friday,4,14:00,15:00,Text Prompting for Beginners,Gen AI,Live Workshop,Tech L&D,Enrique,LATAM;UK;NA-Eastern,English,All Staff,Completed,Training Session,,"This interactive course provides real time, hands-on experience in crafting effective text prompts for storytelling, copywriting, and idea generation. Join us live and take the first step towards becoming a master of text prompting!",No,,
23/01/2026,Friday,4,15:00,16:00,Text Prompting for Beginners,Gen AI,Live Workshop,Tech L&D,Enrique,NA-Eastern;NA-Pacific,English,All Staff,Completed,Training Session,,"This interactive course provides real time, hands-on experience in crafting effective text prompts for storytelling, copywriting, and idea generation. Join us live and take the first step towards becoming a master of text prompting!",No,,
26/01/2026,Monday,5,09:30,10:30,Pencil Generating Creatives in Bulk,Pencil,Live Workshop,Tech L&D,Enrique,APAC;EMEA,English,Creative,Completed,Training Session,,Placeholder text,Yes,Pencil Silver Pathway,
26/01/2026,Monday,5,14:00,15:00,AI Office Hours,Gen AI,Office Hours,Tech L&D,Enrique,LATAM;UK;NA-Eastern,English,All Staff,Completed,Training Session,,Have you completed your Gen AI training but need some additional support? Come along to one of our weekly AI Office hours and we can help you overcome your AI challenges in Pencil or the Sandbox. ,Yes,AI Office Hours,
26/01/2026,Monday,5,15:00,16:00,AI Office Hours,Gen AI,Office Hours,Tech L&D,Enrique,NA-Eastern;NA-Pacific,English,All Staff,Completed,Training Session,,Have you completed your Gen AI training but need some additional support? Come along to one of our weekly AI Office hours and we can help you overcome your AI challenges in Pencil or the Sandbox. ,Yes,AI Office Hours,
27/01/2026,Tuesday,5,09:30,10:30,Text Prompting for Project Managers,Gen AI,Live Workshop,Tech L&D,Enrique,APAC;EMEA,English,AM's and PM's,Completed,Training Session,,"This interactive, instructor-led session provides real-time, hands-on experience in crafting effective text prompts for generating timing plans, risk logs, and meeting notes, among other tasks. Join us live and take the first step towards accelerating your performance!",No,,
27/01/2026,Tuesday,5,14:00,15:00,Text Prompting for Project Managers,Gen AI,Live Workshop,Tech L&D,Enrique,LATAM;UK;NA-Eastern,English,AM's and PM's,Completed,Training Session,,"This interactive, instructor-led session provides real-time, hands-on experience in crafting effective text prompts for generating timing plans, risk logs, and meeting notes, among other tasks. Join us live and take the first step towards accelerating your performance!",No,,
27/01/2026,Tuesday,5,18:00,19:00,Pencil Building and Using Templates,Pencil,Live Workshop,Pencil,Vanessa,LATAM,Brazilian Portuguese,Creative,Completed,Training Session,,"Explore how to create and edit templates using text, images, music, animations, and brand assets. This course will help you to streamline your creative process and generate dynamic content efficiently and quickly. Get producing high-quality, multi-format creatives that perfectly match your brand. ",Yes,Pencil Silver Pathway,
27/01/2026,Tuesday,5,21:00,22:00,Pencil Building and Using Templates,Pencil,Live Workshop,Pencil,Vanessa,NA-Eastern;NA-Pacific,English,Creative,Completed,Training Session,,"Explore how to create and edit templates using text, images, music, animations, and brand assets. This course will help you to streamline your creative process and generate dynamic content efficiently and quickly. Get producing high-quality, multi-format creatives that perfectly match your brand. ",Yes,Pencil Silver Pathway,
28/01/2026,Wednesday,5,09:30,10:30,AI Office Hours,Gen AI,Office Hours,Tech L&D,Enrique,APAC;EMEA,English,All Staff,Completed,Training Session,,Have you completed your Gen AI training but need some additional support? Come along to one of our weekly AI Office hours and we can help you overcome your AI challenges in Pencil or the Sandbox. ,Yes,AI Office Hours,
28/01/2026,Wednesday,5,14:00,15:00,AI Office Hours,Gen AI,Office Hours,Tech L&D,Enrique,LATAM;UK;NA-Eastern,English,All Staff,Completed,Training Session,,Have you completed your Gen AI training but need some additional support? Come along to one of our weekly AI Office hours and we can help you overcome your AI challenges in Pencil or the Sandbox. ,Yes,AI Office Hours,
28/01/2026,Wednesday,5,15:00,16:00,AI Office Hours,Gen AI,Office Hours,Tech L&D,Enrique,NA-Eastern;NA-Pacific,English,All Staff,Completed,Training Session,,Have you completed your Gen AI training but need some additional support? Come along to one of our weekly AI Office hours and we can help you overcome your AI challenges in Pencil or the Sandbox. ,Yes,AI Office Hours,
28/01/2026,Wednesday,5,18:00,19:00,Pencil Generating Creatives in Bulk,Pencil,Live Workshop,Pencil,Vanessa,LATAM,Brazilian Portuguese,Creative,Completed,Training Session,,Placeholder text,Yes,Pencil Silver Pathway,
28/01/2026,Wednesday,5,21:00,22:00,Pencil Generating Creatives in Bulk,Pencil,Live Workshop,Pencil,Vanessa,NA-Eastern;NA-Pacific,English,Creative,Completed,Training Session,,Placeholder text,Yes,Pencil Silver Pathway,
29/01/2026,Thursday,5,09:30,10:30,Text Prompting for Social,Gen AI,Live Workshop,Tech L&D,Enrique,APAC;EMEA,English,Social,Completed,Training Session,,"This interactive instructor-led session offers real-time, hands-on experience in crafting powerful text prompts to generate high-impact social media posts, captions, and campaign ideas. Join us live and learn how to harness AI’s creativity to elevate your brand’s online presence!",No,,
29/01/2026,Thursday,5,14:00,15:00,Text Prompting for Social,Gen AI,Live Workshop,Tech L&D,Enrique,LATAM;UK;NA-Eastern,English,Social,Completed,Training Session,,"This interactive instructor-led session offers real-time, hands-on experience in crafting powerful text prompts to generate high-impact social media posts, captions, and campaign ideas. Join us live and learn how to harness AI’s creativity to elevate your brand’s online presence!",No,,
30/01/2026,Friday,5,09:30,10:30,Creative AI Knowledge Share,Webinars,Webinar,Creative,Dan Wicks,APAC;EMEA,English,All Staff,Completed,Training Session,,Placeholder text,No,,
30/01/2026,Friday,5,14:00,15:00,Creative AI Knowledge Share,Webinars,Webinar,Creative,Dan Wicks,LATAM;UK;NA-Eastern,English,All Staff,Completed,Training Session,,Placeholder text,No,,
02/02/2026,Monday,6,14:00,15:00,Pencil 101,Pencil,Live Workshop,Tech L&D,Enrique,LATAM;UK;NA-Eastern,English,All Staff,Completed,Training Session,,In this Pencil 101 session we will walk you through a high level overview of Pencil and it's features and benefits.,Yes,Pencil Silver Pathway,
03/02/2026,Tuesday,6,09:30,10:30,Text Prompting for Project Managers,Gen AI,Live Workshop,Tech L&D,Enrique,APAC;EMEA,English,AM's and PM's,Completed,Training Session,,"This interactive, instructor-led session provides real-time, hands-on experience in crafting effective text prompts for generating timing plans, risk logs, and meeting notes, among other tasks. Join us live and take the first step towards accelerating your performance!",No,,
03/02/2026,Tuesday,6,14:00,15:00,Pencil Copy and Strategy,Pencil,Live Workshop,Tech L&D,Enrique,LATAM;UK;NA-Eastern,English,Creative,Completed,Training Session,,The key to a good marketing campaign is a clear strategy.  This course explores the essential techniques for generating strategy and content to enhance your marketing efforts. Learn how to utilise LLMs to produce copy in multiple languages and explore text analysis tools to refine your content,Yes,Pencil Silver Pathway,
04/02/2026,Wednesday,6,07:00,08:00,AI Office Hours,Gen AI,Office Hours,Tech L&D,Enrique,APAC;EMEA,English,All Staff,Completed,Training Session,,Have you completed your Gen AI training but need some additional support? Come along to one of our weekly AI Office hours and we can help you overcome your AI challenges in Pencil or the Sandbox. ,Yes,AI Office Hours,
04/02/2026,Wednesday,6,09:30,10:30,The Basics of Image Prompting,Gen AI,Live Workshop,Tech L&D,Enrique,APAC;EMEA,English,All Staff,Completed,Training Session,,"This course will guide you from the basics of creating simple prompts to advanced techniques for crafting detailed and specific prompts that produce high-quality images. You'll learn to use AI for various purposes, including artistic creations and professional designs.",No,,
04/02/2026,Wednesday,6,13:00,14:00,Pencil Image Generation,Pencil,Live Workshop,Tech L&D,Enrique,LATAM;UK;NA-Eastern,English,Creative,Completed,Training Session,,Master the art of creating effective prompts for image generation! Discover how to craft detailed prompts and delve into various image generation models. Amend prompts with ease and utilise Pencil’s editing tools to ensure assets meet design briefs and accelerate your campaign.,Yes,Pencil Silver Pathway,
04/02/2026,Wednesday,6,15:00,16:00,AI Office Hours,Gen AI,Office Hours,Tech L&D,Enrique,NA-Eastern;NA-Pacific,English,All Staff,Completed,Training Session,,Have you completed your Gen AI training but need some additional support? Come along to one of our weekly AI Office hours and we can help you overcome your AI challenges in Pencil or the Sandbox. ,Yes,AI Office Hours,
05/02/2026,Thursday,6,14:00,15:00,Pencil Video Generation,Pencil,Live Workshop,Tech L&D,Enrique,LATAM;UK;NA-Eastern,English,Creative,Completed,Training Session,,Placeholder text,Yes,Pencil Silver Pathway,
05/02/2026,Thursday,6,15:00,16:00,Text Prompting for Project Managers,Gen AI,Live Workshop,Tech L&D,Enrique,NA-Eastern;NA-Pacific,English,AM's and PM's,Completed,Training Session,,"This interactive, instructor-led session provides real-time, hands-on experience in crafting effective text prompts for generating timing plans, risk logs, and meeting notes, among other tasks. Join us live and take the first step towards accelerating your performance!",No,,
06/02/2026,Friday,6,21:00,22:00,Pencil 101,Pencil,Live Workshop,Pencil,Vanessa,NA-Eastern;NA-Pacific,English,All Staff,Completed,Training Session,,In this Pencil 101 session we will walk you through a high level overview of Pencil and it's features and benefits.,Yes,Pencil Silver Pathway,
09/02/2026,Monday,7,14:00,15:00,Pencil Building and Using Templates,Pencil,Live Workshop,Tech L&D,Enrique,LATAM;UK;NA-Eastern,English,Creative,Completed,Training Session,,"Explore how to create and edit templates using text, images, music, animations, and brand assets. This course will help you to streamline your creative process and generate dynamic content efficiently and quickly. Get producing high-quality, multi-format creatives that perfectly match your brand. ",Yes,Pencil Silver Pathway,
09/02/2026,Monday,7,15:00,16:00,Text Prompting for Social,Gen AI,Live Workshop,Tech L&D,Enrique,NA-Eastern;NA-Pacific,English,Social,Completed,Training Session,,"This interactive instructor-led session offers real-time, hands-on experience in crafting powerful text prompts to generate high-impact social media posts, captions, and campaign ideas. Join us live and learn how to harness AI’s creativity to elevate your brand’s online presence!",No,,
10/02/2026,Tuesday,7,09:00,10:00,Pencil New Features,Pencil,Live Workshop,Pencil,Sarah,APAC;EMEA;UK,English,Creative,Completed,Training Session,,In this session Pencil will take you through the latest updates and enhancements to the systems.,No,,
10/02/2026,Tuesday,7,14:00,15:00,Pencil New Features,Pencil,Live Workshop,Pencil,Jo,APAC;EMEA;UK,English,Creative,Completed,Training Session,,In this session Pencil will take you through the latest updates and enhancements to the systems.,No,,
10/02/2026,Tuesday,7,21:00,22:00,Pencil Image Generation,Pencil,Live Workshop,Pencil,Vanessa,NA-Eastern;NA-Pacific,English,Creative,Completed,Training Session,,Master the art of creating effective prompts for image generation! Discover how to craft detailed prompts and delve into various image generation models. Amend prompts with ease and utilise Pencil’s editing tools to ensure assets meet design briefs and accelerate your campaign.,Yes,Pencil Silver Pathway,
11/02/2026,Wednesday,7,18:00,19:00,Pencil New Features,Pencil,Live Workshop,Pencil,Vanessa,LATAM,Brazilian Portuguese,Creative,Completed,Training Session,,In this session Pencil will take you through the latest updates and enhancements to the systems.,No,,
11/02/2026,Wednesday,7,21:00,22:00,Pencil Video Generation,Pencil,Live Workshop,Pencil,Vanessa,NA-Eastern;NA-Pacific,English,Creative,Completed,Training Session,,Placeholder text,Yes,Pencil Silver Pathway,
12/02/2026,Thursday,7,09:30,10:30,Text Prompting for Project Managers,Gen AI,Live Workshop,Tech L&D,Enrique,NA-Eastern;NA-Pacific,English,AM's and PM's,Completed,Training Session,,"This interactive, instructor-led session provides real-time, hands-on experience in crafting effective text prompts for generating timing plans, risk logs, and meeting notes, among other tasks. Join us live and take the first step towards accelerating your performance!",No,,
12/02/2026,Thursday,7,14:00,15:00,Text Prompting for Project Managers,Gen AI,Live Workshop,Tech L&D,Enrique,NA-Eastern;NA-Pacific,English,AM's and PM's,Completed,Training Session,,"This interactive, instructor-led session provides real-time, hands-on experience in crafting effective text prompts for generating timing plans, risk logs, and meeting notes, among other tasks. Join us live and take the first step towards accelerating your performance!",No,,
12/02/2026,Thursday,7,21:00,22:00,Pencil Building and Using Templates,Pencil,Live Workshop,Pencil,Vanessa,NA-Eastern;NA-Pacific,English,Creative,Completed,Training Session,,"Explore how to create and edit templates using text, images, music, animations, and brand assets. This course will help you to streamline your creative process and generate dynamic content efficiently and quickly. Get producing high-quality, multi-format creatives that perfectly match your brand. ",Yes,Pencil Silver Pathway,
12/02/2026,Thursday,7,22:00,23:00,Pencil Generating Creatives in Bulk,Pencil,Live Workshop,Pencil,Vanessa,NA-Eastern;NA-Pacific,English,Creative,Completed,Training Session,,Placeholder text,Yes,Pencil Silver Pathway,
13/02/2026,Friday,7,07:30,08:30,Pencil 101,Pencil,Live Workshop,Tech L&D,Enrique,APAC;EMEA,English,All Staff,Completed,Training Session,,In this Pencil 101 session we will walk you through a high level overview of Pencil and it's features and benefits.,Yes,Pencil Silver Pathway,
13/02/2026,Friday,7,14:00,15:00,Pencil Generating Creatives in Bulk,Pencil,Live Workshop,Tech L&D,Enrique,LATAM;UK;NA-Eastern,English,Creative,Completed,Training Session,,Placeholder text,Yes,Pencil Silver Pathway,
16/02/2026,Monday,8,07:30,08:30,Pencil Copy and Strategy,Pencil,Live Workshop,Tech L&D,Enrique,APAC;EMEA,English,Creative,Completed,Training Session,,The key to a good marketing campaign is a clear strategy.  This course explores the essential techniques for generating strategy and content to enhance your marketing efforts. Learn how to utilise LLMs to produce copy in multiple languages and explore text analysis tools to refine your content,Yes,Pencil Silver Pathway,
16/02/2026,Monday,8,14:00,15:00,Creating AI Agents in the Sandbox,Gen AI,Live Workshop,Tech L&D,Enrique,LATAM;UK;NA-Eastern,English,All Staff,Completed,Training Session,,Don't miss this unique opportunity to learn how to build your own AI assistants that can automate repetitive tasks and enhance your creative workflow. Join us on this AI journey and transform the way you work! ,No,,
16/02/2026,Monday,8,,,Family Day - South Africa,,,,,EMEA,English,All Staff,Completed,Public Holiday,Family Day,,No,,
17/02/2026,Tuesday,8,07:30,08:30,Pencil Image Generation,Pencil,Live Workshop,Tech L&D,Enrique,APAC;EMEA,English,Creative,Completed,Training Session,,Master the art of creating effective prompts for image generation! Discover how to craft detailed prompts and delve into various image generation models. Amend prompts with ease and utilise Pencil’s editing tools to ensure assets meet design briefs and accelerate your campaign.,Yes,Pencil Silver Pathway,
17/02/2026,Tuesday,8,14:00,15:00,The Basics of Image Prompting,Gen AI,Live Workshop,Tech L&D,Enrique,LATAM;UK;NA-Eastern,English,All Staff,Completed,Training Session,,"This course will guide you from the basics of creating simple prompts to advanced techniques for crafting detailed and specific prompts that produce high-quality images. You'll learn to use AI for various purposes, including artistic creations and professional designs.",No,,
17/02/2026,Tuesday,8,21:00,22:00,Pencil Video Generation,Pencil,Live Workshop,Pencil,Vanessa,NA-Eastern;NA-Pacific,English,Creative,Completed,Training Session,,Placeholder text,Yes,Pencil Silver Pathway,
19/02/2026,Wednesday,8,07:00,08:00,AI Office Hours,Gen AI,Office Hours,Tech L&D,Enrique,APAC;EMEA,English,All Staff,Completed,Training Session,,Have you completed your Gen AI training but need some additional support? Come along to one of our weekly AI Office hours and we can help you overcome your AI challenges in Pencil or the Sandbox. ,Yes,AI Office Hours,
19/02/2026,Wednesday,8,13:00,14:00,AI Office Hours,Gen AI,Office Hours,Tech L&D,Enrique,LATAM;UK;NA-Eastern,English,All Staff,Completed,Training Session,,Have you completed your Gen AI training but need some additional support? Come along to one of our weekly AI Office hours and we can help you overcome your AI challenges in Pencil or the Sandbox. ,Yes,AI Office Hours,
19/02/2026,Wednesday,8,15:00,16:00,AI Office Hours,Gen AI,Office Hours,Tech L&D,Enrique,NA-Eastern;NA-Pacific,English,All Staff,Completed,Training Session,,Have you completed your Gen AI training but need some additional support? Come along to one of our weekly AI Office hours and we can help you overcome your AI challenges in Pencil or the Sandbox. ,Yes,AI Office Hours,
18/02/2026,Wednesday,8,21:00,22:00,Pencil 101,Pencil,Live Workshop,Pencil,Vanessa,LATAM;NA-Eastern;NA-Pacific,Brazilian Portuguese,All Staff,Completed,Training Session,,In this Pencil 101 session we will walk you through a high level overview of Pencil and it's features and benefits.,Yes,Pencil Silver Pathway,
19/02/2026,Thursday,8,07:30,08:30,Pencil Video Generation,Pencil,Live Workshop,Tech L&D,Enrique,APAC;EMEA,English,Creative,Completed,Training Session,,Placeholder text,Yes,Pencil Silver Pathway,
20/02/2026,Friday,8,07:30,08:30,Pencil Building and Using Templates,Pencil,Live Workshop,Tech L&D,Enrique,APAC;EMEA,English,Creative,Completed,Training Session,,"Explore how to create and edit templates using text, images, music, animations, and brand assets. This course will help you to streamline your creative process and generate dynamic content efficiently and quickly. Get producing high-quality, multi-format creatives that perfectly match your brand. ",Yes,Pencil Silver Pathway,
20/02/2026,Friday,8,14:00,15:00,Text Prompting for Social,Gen AI,Live Workshop,Tech L&D,Enrique,LATAM;UK;NA-Eastern,English,Social,Completed,Training Session,,"This interactive instructor-led session offers real-time, hands-on experience in crafting powerful text prompts to generate high-impact social media posts, captions, and campaign ideas. Join us live and learn how to harness AI’s creativity to elevate your brand’s online presence!",No,,
23/02/2026,Monday,9,07:30,08:30,Pencil Generating Creatives in Bulk,Pencil,Live Workshop,Tech L&D,Enrique,APAC;EMEA,English,Creative,Completed,Training Session,,Placeholder text,Yes,Pencil Silver Pathway,
24/02/2026,Tuesday,9,07:30,08:30,Pencil Video Generation,Pencil,Live Workshop,Tech L&D,Enrique,APAC;EMEA,English,Creative,Completed,Training Session,,Placeholder text,Yes,Pencil Silver Pathway,
25/02/2026,Wednesday,9,07:00,08:00,AI Office Hours,Gen AI,Office Hours,Tech L&D,Enrique,APAC;EMEA,English,All Staff,Completed,Training Session,,Have you completed your Gen AI training but need some additional support? Come along to one of our weekly AI Office hours and we can help you overcome your AI challenges in Pencil or the Sandbox. ,Yes,AI Office Hours,
26/02/2026,Thursday,9,07:30,08:30,Pencil 101,Pencil,Live Workshop,Tech L&D,Enrique,APAC;EMEA,English,All Staff,Completed,Training Session,,In this Pencil 101 session we will walk you through a high level overview of Pencil and it's features and benefits.,Yes,Pencil Silver Pathway,
27/02/2026,Friday,9,07:30,08:30,Pencil Copy and Strategy,Pencil,Live Workshop,Tech L&D,Enrique,APAC;EMEA,English,Creative,Completed,Training Session,,The key to a good marketing campaign is a clear strategy.  This course explores the essential techniques for generating strategy and content to enhance your marketing efforts. Learn how to utilise LLMs to produce copy in multiple languages and explore text analysis tools to refine your content,Yes,Pencil Silver Pathway,
02/03/2026,Monday,10,07:30,08:30,Pencil 101,Pencil,Live Workshop,Tech L&D,Enrique,APAC;EMEA,English,All Staff,Scheduled,Training Session,,In this Pencil 101 session we will walk you through a high level overview of Pencil and it's features and benefits.,Yes,Pencil Silver Pathway,
02/03/2026,Monday,10,07:30,09:00,Text Prompting for Social,Gen AI,Live Workshop,Tech L&D,Enrique,LATAM;UK;NA-Eastern,English,Social,Scheduled,Training Session,,"This interactive instructor-led session offers real-time, hands-on experience in crafting powerful text prompts to generate high-impact social media posts, captions, and campaign ideas. Join us live and learn how to harness AI’s creativity to elevate your brand’s online presence!",No,,
03/03/2026,Tuesday,10,07:30,08:30,Pencil Copy and Strategy,Pencil,Live Workshop,Tech L&D,Enrique,APAC;EMEA,English,Creative,Scheduled,Training Session,,The key to a good marketing campaign is a clear strategy.  This course explores the essential techniques for generating strategy and content to enhance your marketing efforts. Learn how to utilise LLMs to produce copy in multiple languages and explore text analysis tools to refine your content,Yes,Pencil Silver Pathway,
03/03/2026,Tuesday,10,17:00,19:00,Text Prompting for Project Managers,Gen AI,Live Workshop,Tech L&D,Enrique,LATAM;NA-Eastern;NA-Pacific,English,AM's and PM's,Scheduled,Training Session,,"This interactive, instructor-led session provides real-time, hands-on experience in crafting effective text prompts for generating timing plans, risk logs, and meeting notes, among other tasks. Join us live and take the first step towards accelerating your performance!",No,,
04/03/2026,Wednesday,10,07:00,08:00,AI Office Hours,Gen AI,Office Hours,Tech L&D,Enrique,APAC;EMEA,English,All Staff,Scheduled,Training Session,,Have you completed your Gen AI training but need some additional support? Come along to one of our weekly AI Office hours and we can help you overcome your AI challenges in Pencil or the Sandbox. ,Yes,AI Office Hours,
04/03/2026,Wednesday,10,12:00,13:00,AI Office Hours,Gen AI,Office Hours,Tech L&D,Enrique,EMEA;UK;LATAM,English,All Staff,Scheduled,Training Session,,Have you completed your Gen AI training but need some additional support? Come along to one of our weekly AI Office hours and we can help you overcome your AI challenges in Pencil or the Sandbox. ,Yes,AI Office Hours,
04/03/2026,Wednesday,10,15:00,16:00,AI Office Hours,Gen AI,Office Hours,Tech L&D,Enrique,LATAM;NA-Eastern,English,All Staff,Scheduled,Training Session,,Have you completed your Gen AI training but need some additional support? Come along to one of our weekly AI Office hours and we can help you overcome your AI challenges in Pencil or the Sandbox. ,Yes,AI Office Hours,
05/03/2026,Thursday,10,07:30,09:00,Creating AI Agents in the Sandbox,Gen AI,Live Workshop,Tech L&D,Enrique,APAC;EMEA,English,All Staff,Scheduled,Training Session,,Don't miss this unique opportunity to learn how to build your own AI assistants that can automate repetitive tasks and enhance your creative workflow. Join us on this AI journey and transform the way you work! ,No,,
05/03/2026,Thursday,10,14:00,15:30,Pencil Image Generation,Pencil,Live Workshop,Tech L&D,Enrique,LATAM;NA-Eastern;UK;EMEA,English,Creative,Scheduled,Training Session,,Master the art of creating effective prompts for image generation! Discover how to craft detailed prompts and delve into various image generation models. Amend prompts with ease and utilise Pencil’s editing tools to ensure assets meet design briefs and accelerate your campaign.,Yes,Pencil Silver Pathway,
05/03/2026,Thursday,10,09:30,10:30,Pencil - New Features,Pencil,Live Workshop,Pencil,Jo,APAC;EMEA;UK,English,Creative,Scheduled,Training Session,,Placeholder text,No,,
05/03/2026,Thursday,10,16:00,17:00:00,Pencil - New Features,Pencil,Live Workshop,Pencil,Sarah,LATAM;NA-Eastern;NA-Pacific,English,Creative,Scheduled,Training Session,,Placeholder text,No,,
06/03/2026,Friday,10,14:00,15:30,Pencil Video Generation,Pencil,Live Workshop,Tech L&D,Enrique,LATAM;NA-Eastern;UK;EMEA,English,Creative,Scheduled,Training Session,,Placeholder text,Yes,Pencil Silver Pathway,
09/03/2026,Monday,11,10:00,11:00,AI Amplify: Creative Mastery Series,Gen AI,Webinar,Creative,Eloise Smith,APAC;EMEA,English,Creative,Scheduled,Training Session,,Placeholder text,Yes,AI Amplify,
09/03/2026,Monday,11,15:00,16:00,AI Amplify: Creative Mastery Series,Gen AI,Webinar,Creative,Eloise Smith,LATAM;NA-Eastern,English,Creative,Scheduled,Training Session,,Placeholder text,Yes,AI Amplify,
09/03/2026,Monday,11,14:00,15:30,Pencil Building and Using Templates,Pencil,Live Workshop,Tech L&D,Enrique,LATAM;NA-Eastern;UK;EMEA,English,Creative,Scheduled,Training Session,,"Explore how to create and edit templates using text, images, music, animations, and brand assets. This course will help you to streamline your creative process and generate dynamic content efficiently and quickly. Get producing high-quality, multi-format creatives that perfectly match your brand. ",Yes,Pencil Silver Pathway,
09/03/2026,Monday,11,17:00,18:30,The Basics of Image Prompting,Gen AI,Live Workshop,Tech L&D,Enrique,LATAM;NA-Eastern;NA-Pacific,English,All Staff,Scheduled,Training Session,,"This course will guide you from the basics of creating simple prompts to advanced techniques for crafting detailed and specific prompts that produce high-quality images. You'll learn to use AI for various purposes, including artistic creations and professional designs.",No,,
10/03/2026,Tuesday,11,14:00,15:30,Pencil Generating Creatives in Bulk,Pencil,Live Workshop,Tech L&D,Enrique,LATAM;NA-Eastern;UK;EMEA,English,Creative,Scheduled,Training Session,,Placeholder text,Yes,Pencil Silver Pathway,
10/03/2026,Tuesday,11,17:00,18:00,Pencil 101,Pencil,Live Workshop,Pencil,Vanessa,LATAM;NA-Eastern,Brazilian Portuguese,All Staff,Scheduled,Training Session,,In this Pencil 101 session we will walk you through a high level overview of Pencil and it's features and benefits.,Yes,Pencil Silver Pathway,
11/03/2026,Wednesday,11,17:00,18:30,Pencil Copy and Strategy,Pencil,Live Workshop,Pencil,Vanessa,LATAM;NA-Eastern,Brazilian Portuguese,Creative,Scheduled,Training Session,,The key to a good marketing campaign is a clear strategy.  This course explores the essential techniques for generating strategy and content to enhance your marketing efforts. Learn how to utilise LLMs to produce copy in multiple languages and explore text analysis tools to refine your content,Yes,Pencil Silver Pathway,
11/03/2026,Wednesday,11,09:00,08:00,AI Office Hours,Gen AI,Office Hours,Tech L&D,Enrique,APAC;EMEA,English,All Staff,Scheduled,Training Session,,Have you completed your Gen AI training but need some additional support? Come along to one of our weekly AI Office hours and we can help you overcome your AI challenges in Pencil or the Sandbox. ,Yes,AI Office Hours,
11/03/2026,Wednesday,11,14:00,15:00,AI Office Hours,Gen AI,Office Hours,Tech L&D,Enrique,EMEA;UK;LATAM,English,All Staff,Scheduled,Training Session,,Have you completed your Gen AI training but need some additional support? Come along to one of our weekly AI Office hours and we can help you overcome your AI challenges in Pencil or the Sandbox. ,Yes,AI Office Hours,
11/03/2026,Wednesday,11,17:00,18:00,AI Office Hours,Gen AI,Office Hours,Tech L&D,Enrique,LATAM;NA-Eastern,English,All Staff,Scheduled,Training Session,,Have you completed your Gen AI training but need some additional support? Come along to one of our weekly AI Office hours and we can help you overcome your AI challenges in Pencil or the Sandbox. ,Yes,AI Office Hours,
12/03/2026,Thursday,11,17:00,18:30,Pencil Image Generation,Pencil,Live Workshop,Pencil,Vanessa,APAC;EMEA,Brazilian Portuguese,Creative,Scheduled,Training Session,,Master the art of creating effective prompts for image generation! Discover how to craft detailed prompts and delve into various image generation models. Amend prompts with ease and utilise Pencil’s editing tools to ensure assets meet design briefs and accelerate your campaign.,Yes,Pencil Silver Pathway,
12/03/2026,Thursday,11,14:00,16:00,Text Prompting for Project Managers,Gen AI,Live Workshop,Tech L&D,Enrique,LATAM;UK;NA-Eastern,English,AM's and PM's,Scheduled,Training Session,,"This interactive, instructor-led session provides real-time, hands-on experience in crafting effective text prompts for generating timing plans, risk logs, and meeting notes, among other tasks. Join us live and take the first step towards accelerating your performance!",No,,
12/03/2026,Thursday,11,07:30,09:30,Text Prompting for Project Managers,Gen AI,Live Workshop,Tech L&D,Enrique,APAC;EMEA,English,AM's and PM's,Scheduled,Training Session,,"This interactive, instructor-led session provides real-time, hands-on experience in crafting effective text prompts for generating timing plans, risk logs, and meeting notes, among other tasks. Join us live and take the first step towards accelerating your performance!",No,,
13/03/2026,Friday,11,07:30,09:00,Text Prompting for Social,Gen AI,Live Workshop,Tech L&D,Enrique,APAC;EMEA,English,Social,Scheduled,Training Session,,"This interactive instructor-led session offers real-time, hands-on experience in crafting powerful text prompts to generate high-impact social media posts, captions, and campaign ideas. Join us live and learn how to harness AI’s creativity to elevate your brand’s online presence!",No,,
13/03/2026,Friday,11,14:00,15:30,Text Prompting for Social,Gen AI,Live Workshop,Tech L&D,Enrique,LATAM;UK;NA-Eastern,English,Social,Scheduled,Training Session,,"This interactive instructor-led session offers real-time, hands-on experience in crafting powerful text prompts to generate high-impact social media posts, captions, and campaign ideas. Join us live and learn how to harness AI’s creativity to elevate your brand’s online presence!",No,,
13/03/2026,Friday,11,17:00,18:30,Pencil Video Generation,Pencil,Live Workshop,Pencil,Vanessa,LATAM;NA-Eastern,Brazilian Portuguese,Creative,Scheduled,Training Session,,Placeholder text,Yes,Pencil Silver Pathway,
16/03/2026,Monday,12,17:00,18:30,Pencil Building and Using Templates,Pencil,Live Workshop,Pencil,Vanessa,LATAM;NA-Eastern,Brazilian Portuguese,Creative,Scheduled,Training Session,,"Explore how to create and edit templates using text, images, music, animations, and brand assets. This course will help you to streamline your creative process and generate dynamic content efficiently and quickly. Get producing high-quality, multi-format creatives that perfectly match your brand. ",Yes,Pencil Silver Pathway,
16/03/2026,Monday,12,18:00,19:00,Pencil - New Features,Pencil,Live Workshop,Pencil,Vanessa,LATAM;NA-Eastern,Brazilian Portuguese,Creative,Scheduled,Training Session,,Placeholder text,No,,
16/03/2026,Monday,12,07:30,08:30,Pencil 101,Pencil,Live Workshop,Tech L&D,Enrique,APAC;EMEA,English,All Staff,Scheduled,Training Session,,In this Pencil 101 session we will walk you through a high level overview of Pencil and it's features and benefits.,Yes,Pencil Silver Pathway,
17/03/2026,Tuesday,12,17:00,18:30,Pencil Generating Creatives in Bulk,Pencil,Live Workshop,Pencil,Vanessa,LATAM;NA-Eastern,Brazilian Portuguese,Creative,Scheduled,Training Session,,Placeholder text,Yes,Pencil Silver Pathway,
17/03/2026,Tuesday,12,07:30,09:00,Pencil Copy and Strategy,Pencil,Live Workshop,Tech L&D,Enrique,APAC;EMEA,English,Creative,Scheduled,Training Session,,The key to a good marketing campaign is a clear strategy.  This course explores the essential techniques for generating strategy and content to enhance your marketing efforts. Learn how to utilise LLMs to produce copy in multiple languages and explore text analysis tools to refine your content,Yes,Pencil Silver Pathway,
18/03/2026,Wednesday,12,07:30,09:00,Pencil Image Generation,Pencil,Live Workshop,Tech L&D,Enrique,APAC;EMEA,English,Creative,Scheduled,Training Session,,Master the art of creating effective prompts for image generation! Discover how to craft detailed prompts and delve into various image generation models. Amend prompts with ease and utilise Pencil’s editing tools to ensure assets meet design briefs and accelerate your campaign.,Yes,Pencil Silver Pathway,
18/03/2026,Wednesday,12,14:00,15:00,AI Office Hours,Gen AI,Office Hours,Tech L&D,Enrique,EMEA;UK;LATAM,English,All Staff,Scheduled,Training Session,,Have you completed your Gen AI training but need some additional support? Come along to one of our weekly AI Office hours and we can help you overcome your AI challenges in Pencil or the Sandbox. ,Yes,AI Office Hours,
18/03/2026,Wednesday,12,16:00,17:00,AI Office Hours,Gen AI,Office Hours,Tech L&D,Enrique,LATAM;NA-Eastern,English,All Staff,Scheduled,Training Session,,Have you completed your Gen AI training but need some additional support? Come along to one of our weekly AI Office hours and we can help you overcome your AI challenges in Pencil or the Sandbox. ,Yes,AI Office Hours,
19/03/2026,Thursday,12,07:30,09:00,Pencil Video Generation,Pencil,Live Workshop,Tech L&D,Enrique,APAC;EMEA,English,Creative,Scheduled,Training Session,,Placeholder text,Yes,Pencil Silver Pathway,
19/03/2026,Thursday,12,14:00,15:30,Creating AI Agents in the Sandbox,Gen AI,Live Workshop,Tech L&D,Enrique,APAC;EMEA,English,All Staff,Scheduled,Training Session,,Don't miss this unique opportunity to learn how to build your own AI assistants that can automate repetitive tasks and enhance your creative workflow. Join us on this AI journey and transform the way you work! ,No,,
19/03/2026,Thursday,12,21:00,22:00,Pencil 101,Pencil,Live Workshop,Tech L&D,Vanessa,NA-Eastern;NA-Pacific,English,All Staff,Scheduled,Training Session,,In this Pencil 101 session we will walk you through a high level overview of Pencil and it's features and benefits.,Yes,Pencil Silver Pathway,
20/03/2026,Friday,12,07:30,09:00,Pencil Building and Using Templates,Pencil,Live Workshop,Tech L&D,Enrique,APAC;EMEA,English,Creative,Scheduled,Training Session,,"Explore how to create and edit templates using text, images, music, animations, and brand assets. This course will help you to streamline your creative process and generate dynamic content efficiently and quickly. Get producing high-quality, multi-format creatives that perfectly match your brand. ",Yes,Pencil Silver Pathway,
20/03/2026,Friday,12,21:00,22:30,Pencil Copy and Strategy,Pencil,Live Workshop,Tech L&D,Vanessa,NA-Eastern;NA-Pacific,English,All Staff,Scheduled,Training Session,,The key to a good marketing campaign is a clear strategy.  This course explores the essential techniques for generating strategy and content to enhance your marketing efforts. Learn how to utilise LLMs to produce copy in multiple languages and explore text analysis tools to refine your content,Yes,Pencil Silver Pathway,
23/03/2026,Monday,13,07:30,09:00,Pencil Generating Creatives in Bulk,Pencil,Live Workshop,Tech L&D,Enrique,APAC;EMEA,English,Creative,Scheduled,Training Session,,Placeholder text,Yes,Pencil Silver Pathway,
23/03/2026,Monday,13,21:00,22:30,Pencil Image Generation,Pencil,Live Workshop,Tech L&D,Enrique,APAC;EMEA,English,Creative,Scheduled,Training Session,,Master the art of creating effective prompts for image generation! Discover how to craft detailed prompts and delve into various image generation models. Amend prompts with ease and utilise Pencil’s editing tools to ensure assets meet design briefs and accelerate your campaign.,Yes,Pencil Silver Pathway,
24/03/2026,Tuesday,13,14:00,15:30,Text Prompting for Social,Gen AI,Live Workshop,Tech L&D,Enrique,EMEA;UK;LATAM,English,Social,Scheduled,Training Session,,"This interactive instructor-led session offers real-time, hands-on experience in crafting powerful text prompts to generate high-impact social media posts, captions, and campaign ideas. Join us live and learn how to harness AI’s creativity to elevate your brand’s online presence!",No,,
24/03/2026,Tuesday,13,17:00,18:30,Text Prompting for Social,Gen AI,Live Workshop,Tech L&D,Enrique,LATAM;NA-Eastern,English,Social,Scheduled,Training Session,,"This interactive instructor-led session offers real-time, hands-on experience in crafting powerful text prompts to generate high-impact social media posts, captions, and campaign ideas. Join us live and learn how to harness AI’s creativity to elevate your brand’s online presence!",No,,
24/03/2026,Tuesday,13,21:00,22:30,Pencil Video Generation,Pencil,Live Workshop,Tech L&D,Vanessa,NA-Eastern;NA-Pacific,English,All Staff,Scheduled,Training Session,,Placeholder text,Yes,Pencil Silver Pathway,
25/03/2026,Wednesday,13,08:00,08:00,AI Office Hours,Gen AI,Office Hours,Tech L&D,Enrique,APAC;EMEA,English,All Staff,Scheduled,Training Session,,Have you completed your Gen AI training but need some additional support? Come along to one of our weekly AI Office hours and we can help you overcome your AI challenges in Pencil or the Sandbox. ,Yes,AI Office Hours,
25/03/2026,Wednesday,13,13:00,15:00,AI Office Hours,Gen AI,Office Hours,Tech L&D,Enrique,EMEA;UK;LATAM,English,All Staff,Scheduled,Training Session,,Have you completed your Gen AI training but need some additional support? Come along to one of our weekly AI Office hours and we can help you overcome your AI challenges in Pencil or the Sandbox. ,Yes,AI Office Hours,
25/03/2026,Wednesday,13,16:00,18:00,AI Office Hours,Gen AI,Office Hours,Tech L&D,Enrique,LATAM;NA-Eastern,English,All Staff,Scheduled,Training Session,,Have you completed your Gen AI training but need some additional support? Come along to one of our weekly AI Office hours and we can help you overcome your AI challenges in Pencil or the Sandbox. ,Yes,AI Office Hours,
25/03/2026,Wednesday,13,21:00,22:30,Pencil Building and Using Templates,Pencil,Live Workshop,Tech L&D,Vanessa,NA-Eastern;NA-Pacific,English,All Staff,Scheduled,Training Session,,"Explore how to create and edit templates using text, images, music, animations, and brand assets. This course will help you to streamline your creative process and generate dynamic content efficiently and quickly. Get producing high-quality, multi-format creatives that perfectly match your brand. ",Yes,Pencil Silver Pathway,
26/03/2026,Thursday,13,21:00,22:30,Pencil Generating Creatives in Bulk,Pencil,Live Workshop,Tech L&D,Vanessa,NA-Eastern;NA-Pacific,English,All Staff,Scheduled,Training Session,,Placeholder text,Yes,Pencil Silver Pathway,
26/03/2026,Thursday,13,07:30,09:30,Text Prompting for Project Managers,Gen AI,Live Workshop,Tech L&D,Enrique,APAC;EMEA,English,AM's and PM's,Scheduled,Training Session,,"This interactive, instructor-led session provides real-time, hands-on experience in crafting effective text prompts for generating timing plans, risk logs, and meeting notes, among other tasks. Join us live and take the first step towards accelerating your performance!",No,,
26/03/2026,Thursday,13,14:00,16:00,Text Prompting for Project Managers,Gen AI,Live Workshop,Tech L&D,Enrique,UK;LATAM,English,AM's and PM's,Scheduled,Training Session,,"This interactive, instructor-led session provides real-time, hands-on experience in crafting effective text prompts for generating timing plans, risk logs, and meeting notes, among other tasks. Join us live and take the first step towards accelerating your performance!",No,,
27/03/2026,Friday,13,,,,,,,,,,,,,,,,,
30/03/2026,Monday,14,08:00,09:00,Pencil 101,Pencil,Live Workshop,Tech L&D,Enrique,APAC;EMEA,English,Creative,Scheduled,Training Session,,In this Pencil 101 session we will walk you through a high level overview of Pencil and it's features and benefits.,Yes,Pencil Silver Pathway,
31/03/2026,Tuesday,14,08:00,09:30,Pencil Copy and Strategy,Pencil,Live Workshop,Tech L&D,Enrique,APAC;EMEA,English,Creative,Scheduled,Training Session,,The key to a good marketing campaign is a clear strategy.  This course explores the essential techniques for generating strategy and content to enhance your marketing efforts. Learn how to utilise LLMs to produce copy in multiple languages and explore text analysis tools to refine your content,Yes,Pencil Silver Pathway,
01/04/2026,Wednesday,14,08:00,09:00,AI Office Hours,Gen AI,Office Hours,Tech L&D,Enrique,APAC;EMEA,English,All Staff,Scheduled,Training Session,,Have you completed your Gen AI training but need some additional support? Come along to one of our weekly AI Office hours and we can help you overcome your AI challenges in Pencil or the Sandbox. ,Yes,AI Office Hours,
01/04/2026,Wednesday,14,14:00,15:00,AI Office Hours,Gen AI,Office Hours,Tech L&D,Enrique,EMEA;UK;LATAM,English,All Staff,Scheduled,Training Session,,Have you completed your Gen AI training but need some additional support? Come along to one of our weekly AI Office hours and we can help you overcome your AI challenges in Pencil or the Sandbox. ,Yes,AI Office Hours,
01/04/2026,Wednesday,14,17:00,18:00,AI Office Hours,Gen AI,Office Hours,Tech L&D,Enrique,LATAM;NA-Eastern,English,All Staff,Scheduled,Training Session,,Have you completed your Gen AI training but need some additional support? Come along to one of our weekly AI Office hours and we can help you overcome your AI challenges in Pencil or the Sandbox. ,Yes,AI Office Hours,
02/04/2026,Thursday,14,08:00,09:30,Pencil Image Generation,Pencil,Live Workshop,Tech L&D,Enrique,APAC;EMEA,English,Creative,Scheduled,Training Session,,Master the art of creating effective prompts for image generation! Discover how to craft detailed prompts and delve into various image generation models. Amend prompts with ease and utilise Pencil’s editing tools to ensure assets meet design briefs and accelerate your campaign.,Yes,Pencil Silver Pathway,
01/04/2026,Wednesday,14,13:00,14:00,Pencil 101,Pencil,Live Workshop,Pencil,Vanessa,LATAM;NA-Eastern,Brazilian Portuguese,Creative,Scheduled,Training Session,,In this Pencil 101 session we will walk you through a high level overview of Pencil and it's features and benefits.,Yes,Pencil Silver Pathway,
02/04/2026,Thursday,14,13:00,14:30,Pencil Copy and Strategy,Pencil,Live Workshop,Pencil,Vanessa,LATAM;NA-Eastern,Brazilian Portuguese,Creative,Scheduled,Training Session,,The key to a good marketing campaign is a clear strategy.  This course explores the essential techniques for generating strategy and content to enhance your marketing efforts. Learn how to utilise LLMs to produce copy in multiple languages and explore text analysis tools to refine your content,Yes,Pencil Silver Pathway,
02/04/2026,Thursday,14,13:30,15:00,Text Prompting for Beginners,Gen AI,Live Workshop,Tech L&D,Enrique,EMEA;UK,English,All Staff,Planned,Training Session,,"This interactive course provides real time, hands-on experience in crafting effective text prompts for storytelling, copywriting, and idea generation. Join us live and take the first step towards becoming a master of text prompting!",No,,
03/04/2026,Friday,14,,,Good Friday,,,,,UK;EMEA,English,All Staff,Planned,Public Holiday,Good Friday,,No,,
06/04/2026,Monday,15,,,Easter Monday,,,,,UK;EMEA,English,All Staff,Planned,Public Holiday,Easter Monday,,No,,
07/04/2026,Tuesday,15,13:00,14:30,Pencil Image Generation,Pencil,Live Workshop,Pencil ,Vanessa,LATAM;NA-Eastern,Brazilian Portuguese,Creative,Scheduled,Training Session,,Master the art of creating effective prompts for image generation! Discover how to craft detailed prompts and delve into various image generation models. Amend prompts with ease and utilise Pencil’s editing tools to ensure assets meet design briefs and accelerate your campaign.,Yes,Pencil Silver Pathway,
07/04/2026,Tuesday,15,08:30,10:00,Pencil Video Generation,Pencil,Live Workshop,Tech L&D,Enrique,APAC;EMEA,English,Creative,Scheduled,Training Session,,Placeholder text,Yes,Pencil Silver Pathway,
08/04/2026,Wednesday,15,13:00,14:30,Pencil Video Generation,Pencil,Live Workshop,Pencil ,Vanessa,LATAM;NA-Eastern,Brazilian Portuguese,Creative,Scheduled,Training Session,,Placeholder text,Yes,Pencil Silver Pathway,
08/04/2026,Wednesday,15,08:00,09:00,AI Office Hours,Gen AI,Office Hours,Tech L&D,Enrique,APAC;EMEA,English,All Staff,Scheduled,Training Session,,Have you completed your Gen AI training but need some additional support? Come along to one of our weekly AI Office hours and we can help you overcome your AI challenges in Pencil or the Sandbox. ,Yes,AI Office Hours,
08/04/2026,Wednesday,15,14:00,15:00,AI Office Hours,Gen AI,Office Hours,Tech L&D,Enrique,EMEA;UK;LATAM,English,All Staff,Scheduled,Training Session,,Have you completed your Gen AI training but need some additional support? Come along to one of our weekly AI Office hours and we can help you overcome your AI challenges in Pencil or the Sandbox. ,Yes,AI Office Hours,
08/04/2026,Wednesday,15,17:00,18:00,AI Office Hours,Gen AI,Office Hours,Tech L&D,Enrique,LATAM;NA-Eastern,English,All Staff,Scheduled,Training Session,,Have you completed your Gen AI training but need some additional support? Come along to one of our weekly AI Office hours and we can help you overcome your AI challenges in Pencil or the Sandbox. ,Yes,AI Office Hours,
09/04/2026,Thursday,15,13:00,14:30,Pencil Building and Using Templates,Pencil,Live Workshop,Pencil ,Vanessa,LATAM;NA-Eastern,Brazilian Portuguese,Creative,Scheduled,Training Session,,"Explore how to create and edit templates using text, images, music, animations, and brand assets. This course will help you to streamline your creative process and generate dynamic content efficiently and quickly. Get producing high-quality, multi-format creatives that perfectly match your brand. ",Yes,Pencil Silver Pathway,
09/04/2026,Thursday,15,08:30,10:00,Pencil Building and Using Templates,Pencil,Live Workshop,Tech L&D,Enrique,APAC;EMEA,English,Creative,Scheduled,Training Session,,"Explore how to create and edit templates using text, images, music, animations, and brand assets. This course will help you to streamline your creative process and generate dynamic content efficiently and quickly. Get producing high-quality, multi-format creatives that perfectly match your brand. ",Yes,Pencil Silver Pathway,
10/04/2026,Friday,15,13:00,14:30,Pencil Generating Creatives in Bulk,Pencil,Live Workshop,Pencil ,Vanessa,LATAM;NA-Eastern,Brazilian Portuguese,Creative,Scheduled,Training Session,,Placeholder text,Yes,Pencil Silver Pathway,
10/04/2026,Friday,15,08:30,10:00,Pencil Generating Creatives in Bulk,Pencil,Live Workshop,Tech L&D,Enrique,APAC;EMEA,English,Creative,Scheduled,Training Session,,Placeholder text,Yes,Pencil Silver Pathway,
13/04/2026,Monday,16,13:30,14:30,Pencil 101,Pencil,Live Workshop,Tech L&D,Enrique,APAC;EMEA,English,Creative,Scheduled,Training Session,,In this Pencil 101 session we will walk you through a high level overview of Pencil and it's features and benefits.,Yes,Pencil Silver Pathway,
14/04/2026,Tuesday,16,13:30,15:00,Pencil Copy and Strategy,Pencil,Live Workshop,Tech L&D,Enrique,APAC;EMEA,English,Creative,Scheduled,Training Session,,The key to a good marketing campaign is a clear strategy.  This course explores the essential techniques for generating strategy and content to enhance your marketing efforts. Learn how to utilise LLMs to produce copy in multiple languages and explore text analysis tools to refine your content,Yes,Pencil Silver Pathway,
15/04/2026,Wednesday,16,08:00,09:00,AI Office Hours,Gen AI,Office Hours,Tech L&D,Enrique,APAC;EMEA,English,All Staff,Scheduled,Training Session,,Have you completed your Gen AI training but need some additional support? Come along to one of our weekly AI Office hours and we can help you overcome your AI challenges in Pencil or the Sandbox. ,Yes,AI Office Hours,
15/04/2026,Wednesday,16,14:00,15:00,AI Office Hours,Gen AI,Office Hours,Tech L&D,Enrique,EMEA;UK;LATAM,English,All Staff,Scheduled,Training Session,,Have you completed your Gen AI training but need some additional support? Come along to one of our weekly AI Office hours and we can help you overcome your AI challenges in Pencil or the Sandbox. ,Yes,AI Office Hours,
15/04/2026,Wednesday,16,,,,,,,,,,,,,,,,,
16/04/2026,Thursday,16,13:30,15:00,Pencil Image Generation,Pencil,Live Workshop,Tech L&D,Enrique,APAC;EMEA,English,Creative,Scheduled,Training Session,,Master the art of creating effective prompts for image generation! Discover how to craft detailed prompts and delve into various image generation models. Amend prompts with ease and utilise Pencil’s editing tools to ensure assets meet design briefs and accelerate your campaign.,Yes,Pencil Silver Pathway,
17/04/2026,Friday,16,13:30,15:00,Pencil Video Generation,Pencil,Live Workshop,Tech L&D,Enrique,APAC;EMEA,English,Creative,Scheduled,Training Session,,Placeholder text,Yes,Pencil Silver Pathway,
20/04/2026,Monday,17,13:30,15:00,Pencil Building and Using Templates,Pencil,Live Workshop,Tech L&D,Enrique,APAC;EMEA,English,Creative,Scheduled,Training Session,,"Explore how to create and edit templates using text, images, music, animations, and brand assets. This course will help you to streamline your creative process and generate dynamic content efficiently and quickly. Get producing high-quality, multi-format creatives that perfectly match your brand. ",Yes,Pencil Silver Pathway,
20/04/2026,Monday,17,13:30,15:00,Text Prompting for Project Managers,Gen AI,Live Workshop,Tech L&D,Enrique,APAC;EMEA,English,AM's and PM's,Scheduled,Training Session,,"This interactive, instructor-led session provides real-time, hands-on experience in crafting effective text prompts for generating timing plans, risk logs, and meeting notes, among other tasks. Join us live and take the first step towards accelerating your performance!",No,,
21/04/2026,Tuesday,17,13:30,15:00,Pencil Generating Creatives in Bulk,Pencil,Live Workshop,Tech L&D,Enrique,APAC;EMEA,English,Creative,Scheduled,Training Session,,Placeholder text,Yes,Pencil Silver Pathway,
22/04/2026,Wednesday,17,08:00,09:00,AI Office Hours,Gen AI,Office Hours,Tech L&D,Enrique,APAC;EMEA,English,All Staff,Scheduled,Training Session,,Have you completed your Gen AI training but need some additional support? Come along to one of our weekly AI Office hours and we can help you overcome your AI challenges in Pencil or the Sandbox. ,Yes,AI Office Hours,
22/04/2026,Wednesday,17,14:00,15:00,AI Office Hours,Gen AI,Office Hours,Tech L&D,Enrique,EMEA;UK;LATAM,English,All Staff,Scheduled,Training Session,,Have you completed your Gen AI training but need some additional support? Come along to one of our weekly AI Office hours and we can help you overcome your AI challenges in Pencil or the Sandbox. ,Yes,AI Office Hours,
22/04/2026,Wednesday,17,17:00,18:00,AI Office Hours,Gen AI,Office Hours,Tech L&D,Enrique,LATAM;NA-Eastern,English,All Staff,Scheduled,Training Session,,Have you completed your Gen AI training but need some additional support? Come along to one of our weekly AI Office hours and we can help you overcome your AI challenges in Pencil or the Sandbox. ,Yes,AI Office Hours,
23/04/2026,Thursday,17,08:00,09:30,Text Prompting for Social,Gen AI,Live Workshop,Tech L&D,Enrique,APAC;EMEA,English,Social,Scheduled,Training Session,,"This interactive instructor-led session offers real-time, hands-on experience in crafting powerful text prompts to generate high-impact social media posts, captions, and campaign ideas. Join us live and learn how to harness AI’s creativity to elevate your brand’s online presence!",No,,
23/04/2026,Thursday,17,13:30,15:00,Text Prompting for Social,Gen AI,Live Workshop,Tech L&D,Enrique,UK;EMEA;LATAM,English,Social,Scheduled,Training Session,,"This interactive instructor-led session offers real-time, hands-on experience in crafting powerful text prompts to generate high-impact social media posts, captions, and campaign ideas. Join us live and learn how to harness AI’s creativity to elevate your brand’s online presence!",No,,
24/04/2026,Friday,17,,,,,,,,,,,,,,,,,
27/04/2026,Monday,18,,,Freedom Day - South Africa,,,,,EMEA,English,All Staff,Planned,Public Holiday,Freedom Day - South Africa,,No,,
28/04/2026,Tuesday,18,,,,,,,,,,,,,,,,,
29/04/2026,Wednesday,18,08:00,09:00,AI Office Hours,Gen AI,Office Hours,Tech L&D,Enrique,APAC;EMEA,English,All Staff,Scheduled,Training Session,,Have you completed your Gen AI training but need some additional support? Come along to one of our weekly AI Office hours and we can help you overcome your AI challenges in Pencil or the Sandbox. ,Yes,AI Office Hours,
29/04/2026,Wednesday,18,14:00,15:00,AI Office Hours,Gen AI,Office Hours,Tech L&D,Enrique,EMEA;UK;LATAM,English,All Staff,Scheduled,Training Session,Workers Day - South Africa,Have you completed your Gen AI training but need some additional support? Come along to one of our weekly AI Office hours and we can help you overcome your AI challenges in Pencil or the Sandbox. ,Yes,AI Office Hours,
29/04/2026,Wednesday,18,17:00,18:00,AI Office Hours,Gen AI,Office Hours,Tech L&D,Enrique,LATAM;NA-Eastern,English,All Staff,Scheduled,Training Session,UK Bank Holiday,Have you completed your Gen AI training but need some additional support? Come along to one of our weekly AI Office hours and we can help you overcome your AI challenges in Pencil or the Sandbox. ,Yes,AI Office Hours,
30/04/2026,Thursday,18,,,,,,,,,,,,,,,,,
01/05/2026,Friday,18,,,Workers Day - South Africa,,,,,EMEA,English,All Staff,Planned,Public Holiday,Workers Day - South Africa,,No,,
04/05/2026,Monday,19,,,UK Bank Holiday,,,,,UK,English,All Staff,Planned,Public Holiday,UK Bank Holiday,,No,,
05/05/2026,Tuesday,19,09:00,10:00,Pencil 101,Pencil,Live Workshop,Tech L&D,Enrique,APAC;EMEA;UK,English,Creative,Scheduled,Training Session,,In this Pencil 101 session we will walk you through a high level overview of Pencil and it's features and benefits.,Yes,Pencil Silver Pathway,
06/05/2026,Wednesday,19,08:00,09:00,AI Office Hours,Gen AI,Office Hours,Tech L&D,Enrique,APAC;EMEA,English,All Staff,Scheduled,Training Session,,Have you completed your Gen AI training but need some additional support? Come along to one of our weekly AI Office hours and we can help you overcome your AI challenges in Pencil or the Sandbox. ,Yes,AI Office Hours,
06/05/2026,Wednesday,19,14:00,15:00,AI Office Hours,Gen AI,Office Hours,Tech L&D,Enrique,EMEA;UK;LATAM,English,All Staff,Scheduled,Training Session,,Have you completed your Gen AI training but need some additional support? Come along to one of our weekly AI Office hours and we can help you overcome your AI challenges in Pencil or the Sandbox. ,Yes,AI Office Hours,
06/05/2026,Wednesday,19,17:00,18:00,AI Office Hours,Gen AI,Office Hours,Tech L&D,Enrique,LATAM;NA-Eastern,English,All Staff,Scheduled,Training Session,,Have you completed your Gen AI training but need some additional support? Come along to one of our weekly AI Office hours and we can help you overcome your AI challenges in Pencil or the Sandbox. ,Yes,AI Office Hours,
07/05/2026,Thursday,19,09:00,10:30,Pencil Copy and Strategy,Pencil,Live Workshop,Tech L&D,Enrique,APAC;EMEA;UK,English,Creative,Scheduled,Training Session,,The key to a good marketing campaign is a clear strategy.  This course explores the essential techniques for generating strategy and content to enhance your marketing efforts. Learn how to utilise LLMs to produce copy in multiple languages and explore text analysis tools to refine your content,Yes,Pencil Silver Pathway,
08/05/2026,Friday,19,09:00,10:30,Pencil Image Generation,Pencil,Live Workshop,Tech L&D,Enrique,APAC;EMEA;UK,English,Creative,Scheduled,Training Session,,Master the art of creating effective prompts for image generation! Discover how to craft detailed prompts and delve into various image generation models. Amend prompts with ease and utilise Pencil’s editing tools to ensure assets meet design briefs and accelerate your campaign.,Yes,Pencil Silver Pathway,
05/05/2026,Tuesday,19,18:00,19:00,Pencil 101,Pencil,Live Workshop,Pencil,Vanessa,LATAM;NA-Eastern;NA-Pacific,Brazilian Portuguese,Creative,Scheduled,Training Session,,In this Pencil 101 session we will walk you through a high level overview of Pencil and it's features and benefits.,Yes,Pencil Silver Pathway,
06/05/2026,Wednesday,19,18:00,19:30,Pencil Copy and Strategy,Pencil,Live Workshop,Pencil,Vanessa,LATAM;NA-Eastern;NA-Pacific,Brazilian Portuguese,Creative,Scheduled,Training Session,,The key to a good marketing campaign is a clear strategy.  This course explores the essential techniques for generating strategy and content to enhance your marketing efforts. Learn how to utilise LLMs to produce copy in multiple languages and explore text analysis tools to refine your content,Yes,Pencil Silver Pathway,
06/05/2026,Wednesday,19,08:00,09:00,AI Office Hours,Gen AI,Office Hours,Tech L&D,Enrique,APAC;EMEA,English,All Staff,Scheduled,Training Session,,Have you completed your Gen AI training but need some additional support? Come along to one of our weekly AI Office hours and we can help you overcome your AI challenges in Pencil or the Sandbox. ,Yes,AI Office Hours,
06/05/2026,Wednesday,19,14:00,15:00,AI Office Hours,Gen AI,Office Hours,Tech L&D,Enrique,EMEA;UK;LATAM,English,All Staff,Scheduled,Training Session,,Have you completed your Gen AI training but need some additional support? Come along to one of our weekly AI Office hours and we can help you overcome your AI challenges in Pencil or the Sandbox. ,Yes,AI Office Hours,
06/05/2026,Wednesday,19,17:00,18:00,AI Office Hours,Gen AI,Office Hours,Tech L&D,Enrique,LATAM;NA-Eastern,English,All Staff,Scheduled,Training Session,,Have you completed your Gen AI training but need some additional support? Come along to one of our weekly AI Office hours and we can help you overcome your AI challenges in Pencil or the Sandbox. ,Yes,AI Office Hours,
07/05/2026,Thursday,19,18:00,19:30,Pencil Image Generation,Pencil,Live Workshop,Pencil,Vanessa,LATAM;NA-Eastern;NA-Pacific,Brazilian Portuguese,Creative,Scheduled,Training Session,,Master the art of creating effective prompts for image generation! Discover how to craft detailed prompts and delve into various image generation models. Amend prompts with ease and utilise Pencil’s editing tools to ensure assets meet design briefs and accelerate your campaign.,Yes,Pencil Silver Pathway,
08/05/2026,Friday,19,18:00,19:30,Pencil Video Generation,Pencil,Live Workshop,Pencil,Vanessa,LATAM;NA-Eastern;NA-Pacific,Brazilian Portuguese,Creative,Scheduled,Training Session,,Placeholder text,Yes,Pencil Silver Pathway,
11/05/2026,Monday,20,18:00,19:30,Pencil Building and Using Templates,Pencil,Live Workshop,Pencil,Vanessa,LATAM;NA-Eastern;NA-Pacific,Brazilian Portuguese,Creative,Scheduled,Training Session,,"Explore how to create and edit templates using text, images, music, animations, and brand assets. This course will help you to streamline your creative process and generate dynamic content efficiently and quickly. Get producing high-quality, multi-format creatives that perfectly match your brand. ",Yes,Pencil Silver Pathway,
12/05/2026,Tuesday,20,18:00,19:30,Pencil Generating Creatives in Bulk,Pencil,Live Workshop,Pencil,Vanessa,LATAM;NA-Eastern;NA-Pacific,Brazilian Portuguese,Creative,Scheduled,Training Session,,Placeholder text,Yes,Pencil Silver Pathway,
11/05/2026,Monday,20,09:00,10:30,Pencil Video Generation,Pencil,Live Workshop,Tech L&D,Enrique,APAC;EMEA;UK,English,Creative,Scheduled,Training Session,,Placeholder text,Yes,Pencil Silver Pathway,
12/05/2026,Tuesday,20,09:00,10:30,Pencil Building and Using Templates,Pencil,Live Workshop,Tech L&D,Enrique,APAC;EMEA;UK,English,Creative,Scheduled,Training Session,,"Explore how to create and edit templates using text, images, music, animations, and brand assets. This course will help you to streamline your creative process and generate dynamic content efficiently and quickly. Get producing high-quality, multi-format creatives that perfectly match your brand. ",Yes,Pencil Silver Pathway,
13/05/2026,Wednesday,20,08:00,09:00,AI Office Hours,Gen AI,Office Hours,Tech L&D,Enrique,APAC;EMEA,English,All Staff,Scheduled,Training Session,,Have you completed your Gen AI training but need some additional support? Come along to one of our weekly AI Office hours and we can help you overcome your AI challenges in Pencil or the Sandbox. ,Yes,AI Office Hours,
13/05/2026,Wednesday,20,14:00,15:00,AI Office Hours,Gen AI,Office Hours,Tech L&D,Enrique,EMEA;UK;LATAM,English,All Staff,Scheduled,Training Session,,Have you completed your Gen AI training but need some additional support? Come along to one of our weekly AI Office hours and we can help you overcome your AI challenges in Pencil or the Sandbox. ,Yes,AI Office Hours,
13/05/2026,Wednesday,20,17:00,18:00,AI Office Hours,Gen AI,Office Hours,Tech L&D,Enrique,LATAM;NA-Eastern,English,All Staff,Scheduled,Training Session,,Have you completed your Gen AI training but need some additional support? Come along to one of our weekly AI Office hours and we can help you overcome your AI challenges in Pencil or the Sandbox. ,Yes,AI Office Hours,
14/05/2026,Thursday,20,09:00,10:30,Pencil Generating Creatives in Bulk,Pencil,Live Workshop,Tech L&D,Enrique,APAC;EMEA;UK,English,Creative,Scheduled,Training Session,,Placeholder text,Yes,Pencil Silver Pathway,
15/05/2026,Friday,20,,,,,,,,,,,,,,,,,
18/05/2026,Monday,21,14:00,15:00,Pencil 101,Pencil,Live Workshop,Tech L&D,Enrique,EMEA;UK;LATAM;NA-Eastern,English,Creative,Scheduled,Training Session,,In this Pencil 101 session we will walk you through a high level overview of Pencil and it's features and benefits.,Yes,Pencil Silver Pathway,
19/05/2026,Tuesday,21,14:00,15:30,Pencil Copy and Strategy,Pencil,Live Workshop,Tech L&D,Enrique,EMEA;UK;LATAM;NA-Eastern,English,Creative,Scheduled,Training Session,,The key to a good marketing campaign is a clear strategy.  This course explores the essential techniques for generating strategy and content to enhance your marketing efforts. Learn how to utilise LLMs to produce copy in multiple languages and explore text analysis tools to refine your content,Yes,Pencil Silver Pathway,
20/05/2026,Wednesday,21,08:00,09:00,AI Office Hours,Gen AI,Office Hours,Tech L&D,Enrique,APAC;EMEA,English,All Staff,Scheduled,Training Session,,Have you completed your Gen AI training but need some additional support? Come along to one of our weekly AI Office hours and we can help you overcome your AI challenges in Pencil or the Sandbox. ,Yes,AI Office Hours,
20/05/2026,Wednesday,21,14:00,15:00,AI Office Hours,Gen AI,Office Hours,Tech L&D,Enrique,EMEA;UK;LATAM;NA-Eastern,English,All Staff,Scheduled,Training Session,,Have you completed your Gen AI training but need some additional support? Come along to one of our weekly AI Office hours and we can help you overcome your AI challenges in Pencil or the Sandbox. ,Yes,AI Office Hours,
20/05/2026,Wednesday,21,17:00,18:00,AI Office Hours,Gen AI,Office Hours,Tech L&D,Enrique,LATAM;NA-Eastern,English,All Staff,Scheduled,Training Session,,Have you completed your Gen AI training but need some additional support? Come along to one of our weekly AI Office hours and we can help you overcome your AI challenges in Pencil or the Sandbox. ,Yes,AI Office Hours,
21/05/2026,Thursday,21,14:00,15:30,Pencil Image Generation,Pencil,Live Workshop,Tech L&D,Enrique,EMEA;UK;LATAM;NA-Eastern,English,Creative,Scheduled,Training Session,,Master the art of creating effective prompts for image generation! Discover how to craft detailed prompts and delve into various image generation models. Amend prompts with ease and utilise Pencil’s editing tools to ensure assets meet design briefs and accelerate your campaign.,Yes,Pencil Silver Pathway,
22/05/2026,Friday,21,14:00,15:30,Pencil Video Generation,Pencil,Live Workshop,Tech L&D,Enrique,EMEA;UK;LATAM;NA-Eastern,English,Creative,Scheduled,Training Session,,Placeholder text,Yes,Pencil Silver Pathway,
25/05/2026,Monday,22,,,UK Bank Holiday,,,,,UK,English,All Staff,Planned,Public Holiday,UK Bank Holiday,,No,,
26/05/2026,Tuesday,22,14:00,15:30,Pencil Building and Using Templates,Pencil,Live Workshop,Tech L&D,Enrique,EMEA;UK;LATAM;NA-Eastern,English,Creative,Scheduled,Training Session,,"Explore how to create and edit templates using text, images, music, animations, and brand assets. This course will help you to streamline your creative process and generate dynamic content efficiently and quickly. Get producing high-quality, multi-format creatives that perfectly match your brand. ",Yes,Pencil Silver Pathway,
27/05/2026,Wednesday,22,08:00,09:00,AI Office Hours,Gen AI,Office Hours,Tech L&D,Enrique,APAC;EMEA,English,All Staff,Scheduled,Training Session,,Have you completed your Gen AI training but need some additional support? Come along to one of our weekly AI Office hours and we can help you overcome your AI challenges in Pencil or the Sandbox. ,Yes,AI Office Hours,
27/05/2026,Wednesday,22,14:00,15:00,AI Office Hours,Gen AI,Office Hours,Tech L&D,Enrique,EMEA;UK;LATAM,English,All Staff,Scheduled,Training Session,,Have you completed your Gen AI training but need some additional support? Come along to one of our weekly AI Office hours and we can help you overcome your AI challenges in Pencil or the Sandbox. ,Yes,AI Office Hours,
27/05/2026,Wednesday,22,17:00,18:00,AI Office Hours,Gen AI,Office Hours,Tech L&D,Enrique,LATAM;NA-Eastern,English,All Staff,Scheduled,Training Session,,Have you completed your Gen AI training but need some additional support? Come along to one of our weekly AI Office hours and we can help you overcome your AI challenges in Pencil or the Sandbox. ,Yes,AI Office Hours,
28/05/2026,Thursday,22,14:00,15:30,Pencil Generating Creatives in Bulk,Pencil,Live Workshop,Tech L&D,Enrique,EMEA;UK;LATAM;NA-Eastern,English,Creative,Scheduled,Training Session,,Placeholder text,Yes,Pencil Silver Pathway,
29/05/2026,Friday,22,,,,,,,,,,,,,,,,,
01/06/2026,Monday,23,18:00,19:00,Pencil 101,Pencil,Live Workshop,Pencil,Vanessa,LATAM;NA-Eastern;NA-Pacific,Brazilian Portuguese,Creative,Scheduled,Training Session,,In this Pencil 101 session we will walk you through a high level overview of Pencil and it's features and benefits.,Yes,Pencil Silver Pathway,
02/06/2026,Tuesday,23,18:00,19:30,Pencil Copy and Strategy,Pencil,Live Workshop,Pencil,Vanessa,LATAM;NA-Eastern;NA-Pacific,Brazilian Portuguese,Creative,Scheduled,Training Session,,The key to a good marketing campaign is a clear strategy.  This course explores the essential techniques for generating strategy and content to enhance your marketing efforts. Learn how to utilise LLMs to produce copy in multiple languages and explore text analysis tools to refine your content,Yes,Pencil Silver Pathway,
03/06/2026,Wednesday,23,18:00,19:30,Pencil Image Generation,Pencil,Live Workshop,Pencil,Vanessa,LATAM;NA-Eastern;NA-Pacific,Brazilian Portuguese,Creative,Scheduled,Training Session,,Master the art of creating effective prompts for image generation! Discover how to craft detailed prompts and delve into various image generation models. Amend prompts with ease and utilise Pencil’s editing tools to ensure assets meet design briefs and accelerate your campaign.,Yes,Pencil Silver Pathway,
03/06/2026,Wednesday,23,08:00,09:00,AI Office Hours,Gen AI,Office Hours,Tech L&D,Enrique,APAC;EMEA,English,All Staff,Scheduled,Training Session,,Have you completed your Gen AI training but need some additional support? Come along to one of our weekly AI Office hours and we can help you overcome your AI challenges in Pencil or the Sandbox. ,Yes,AI Office Hours,
03/06/2026,Wednesday,23,14:00,15:00,AI Office Hours,Gen AI,Office Hours,Tech L&D,Enrique,EMEA;UK;LATAM,English,All Staff,Scheduled,Training Session,,Have you completed your Gen AI training but need some additional support? Come along to one of our weekly AI Office hours and we can help you overcome your AI challenges in Pencil or the Sandbox. ,Yes,AI Office Hours,
03/06/2026,Wednesday,23,17:00,18:00,AI Office Hours,Gen AI,Office Hours,Tech L&D,Enrique,LATAM;NA-Eastern,English,All Staff,Scheduled,Training Session,,Have you completed your Gen AI training but need some additional support? Come along to one of our weekly AI Office hours and we can help you overcome your AI challenges in Pencil or the Sandbox. ,Yes,AI Office Hours,
04/06/2026,Thursday,23,,,Public Holiday - Brazil,,,,,LATAM,English,All Staff,Planned,Public Holiday,Public Holiday - Brazil,,No,,
04/06/2026,Thursday,23,09:00,10:00,Pencil 101,Pencil,Live Workshop,Tech L&D,Enrique,APAC;EMEA;UK,English,Creative,Scheduled,Training Session,,In this Pencil 101 session we will walk you through a high level overview of Pencil and it's features and benefits.,Yes,Pencil Silver Pathway,
05/06/2026,Friday,23,09:00,10:30,Pencil Copy and Strategy,Pencil,Live Workshop,Tech L&D,Enrique,APAC;EMEA;UK,English,Creative,Scheduled,Training Session,,The key to a good marketing campaign is a clear strategy.  This course explores the essential techniques for generating strategy and content to enhance your marketing efforts. Learn how to utilise LLMs to produce copy in multiple languages and explore text analysis tools to refine your content,Yes,Pencil Silver Pathway,
05/06/2026,Friday,23,18:00,19:30,Pencil Video Generation,Pencil,Live Workshop,Pencil,Vanessa,LATAM;NA-Eastern;NA-Pacific,Brazilian Portuguese,Creative,Scheduled,Training Session,,Placeholder text,Yes,Pencil Silver Pathway,
08/06/2026,Monday,24,09:00,10:30,Pencil Image Generation,Pencil,Live Workshop,Tech L&D,Enrique,APAC;EMEA;UK,English,Creative,Scheduled,Training Session,,Master the art of creating effective prompts for image generation! Discover how to craft detailed prompts and delve into various image generation models. Amend prompts with ease and utilise Pencil’s editing tools to ensure assets meet design briefs and accelerate your campaign.,Yes,Pencil Silver Pathway,
09/06/2026,Tuesday,24,09:00,10:30,Pencil Video Generation,Pencil,Live Workshop,Tech L&D,Enrique,APAC;EMEA;UK,English,Creative,Scheduled,Training Session,,Placeholder text,Yes,Pencil Silver Pathway,
10/06/2026,Wednesday,24,08:00,09:00,AI Office Hours,Gen AI,Office Hours,Tech L&D,Enrique,APAC;EMEA,English,All Staff,Scheduled,Training Session,,Have you completed your Gen AI training but need some additional support? Come along to one of our weekly AI Office hours and we can help you overcome your AI challenges in Pencil or the Sandbox. ,Yes,AI Office Hours,
10/06/2026,Wednesday,24,14:00,15:00,AI Office Hours,Gen AI,Office Hours,Tech L&D,Enrique,EMEA;UK;LATAM,English,All Staff,Scheduled,Training Session,,Have you completed your Gen AI training but need some additional support? Come along to one of our weekly AI Office hours and we can help you overcome your AI challenges in Pencil or the Sandbox. ,Yes,AI Office Hours,
10/06/2026,Wednesday,24,17:00,18:00,AI Office Hours,Gen AI,Office Hours,Tech L&D,Enrique,LATAM;NA-Eastern,English,All Staff,Scheduled,Training Session,,Have you completed your Gen AI training but need some additional support? Come along to one of our weekly AI Office hours and we can help you overcome your AI challenges in Pencil or the Sandbox. ,Yes,AI Office Hours,
11/06/2026,Thursday,24,09:00,10:30,Pencil Building and Using Templates,Pencil,Live Workshop,Tech L&D,Enrique,APAC;EMEA;UK,English,Creative,Scheduled,Training Session,,"Explore how to create and edit templates using text, images, music, animations, and brand assets. This course will help you to streamline your creative process and generate dynamic content efficiently and quickly. Get producing high-quality, multi-format creatives that perfectly match your brand. ",Yes,Pencil Silver Pathway,
12/06/2026,Friday,24,09:00,10:30,Pencil Generating Creatives in Bulk,Pencil,Live Workshop,Tech L&D,Enrique,APAC;EMEA;UK,English,Creative,Scheduled,Training Session,,Placeholder text,Yes,Pencil Silver Pathway,
08/06/2026,Monday,24,18:00,19:30,Pencil Building and Using Templates,Pencil,Live Workshop,Pencil,Vanessa,LATAM;NA-Eastern;NA-Pacific,Brazilian Portuguese,Creative,Scheduled,Training Session,,"Explore how to create and edit templates using text, images, music, animations, and brand assets. This course will help you to streamline your creative process and generate dynamic content efficiently and quickly. Get producing high-quality, multi-format creatives that perfectly match your brand. ",Yes,Pencil Silver Pathway,
09/06/2026,Tuesday,24,18:00,19:30,Pencil Generating Creatives in Bulk,Pencil,Live Workshop,Pencil,Vanessa,LATAM;NA-Eastern;NA-Pacific,Brazilian Portuguese,Creative,Scheduled,Training Session,,Placeholder text,Yes,Pencil Silver Pathway,
10/06/2026,Wednesday,24,,,,,,,,,,,,,,,,,
11/06/2026,Thursday,24,,,,,,,,,,,,,,,,,
12/06/2026,Friday,24,,,,,,,,,,,,,,,,,
15/06/2026,Monday,25,,,,,,,,,,,,,,,,,
16/06/2026,Tuesday,25,,,Youth Day - South Africa ,,,,,,,,,Public Holiday,Youth Day - South Africa ,,,,
17/06/2026,Wednesday,25,08:00,09:00,AI Office Hours,Gen AI,Office Hours,Tech L&D,Enrique,APAC;EMEA,English,All Staff,Scheduled,Training Session,,Have you completed your Gen AI training but need some additional support? Come along to one of our weekly AI Office hours and we can help you overcome your AI challenges in Pencil or the Sandbox. ,Yes,AI Office Hours,
17/06/2026,Wednesday,25,14:00,15:00,AI Office Hours,Gen AI,Office Hours,Tech L&D,Enrique,EMEA;UK;LATAM,English,All Staff,Scheduled,Training Session,,Have you completed your Gen AI training but need some additional support? Come along to one of our weekly AI Office hours and we can help you overcome your AI challenges in Pencil or the Sandbox. ,Yes,AI Office Hours,
17/06/2026,Wednesday,25,17:00,18:00,AI Office Hours,Gen AI,Office Hours,Tech L&D,Enrique,LATAM;NA-Eastern,English,All Staff,Scheduled,Training Session,,Have you completed your Gen AI training but need some additional support? Come along to one of our weekly AI Office hours and we can help you overcome your AI challenges in Pencil or the Sandbox. ,Yes,AI Office Hours,
18/06/2026,Thursday,25,,,,,,,,,,,,,,,,,
19/06/2026,Friday,25,,,,,,,,,,,,,,,,,
22/06/2026,Monday,26,09:00,10:00,Pencil 101,Pencil,Live Workshop,Tech L&D,Enrique,APAC;EMEA;UK,English,Creative,Scheduled,Training Session,,In this Pencil 101 session we will walk you through a high level overview of Pencil and it's features and benefits.,Yes,Pencil Silver Pathway,
23/06/2026,Tuesday,26,09:00,10:30,Pencil Copy and Strategy,Pencil,Live Workshop,Tech L&D,Enrique,APAC;EMEA;UK,English,Creative,Scheduled,Training Session,,The key to a good marketing campaign is a clear strategy.  This course explores the essential techniques for generating strategy and content to enhance your marketing efforts. Learn how to utilise LLMs to produce copy in multiple languages and explore text analysis tools to refine your content,Yes,Pencil Silver Pathway,
24/06/2026,Wednesday,26,08:00,09:00,AI Office Hours,Gen AI,Office Hours,Tech L&D,Enrique,APAC;EMEA,English,All Staff,Scheduled,Training Session,,Have you completed your Gen AI training but need some additional support? Come along to one of our weekly AI Office hours and we can help you overcome your AI challenges in Pencil or the Sandbox. ,Yes,AI Office Hours,
24/06/2026,Wednesday,26,14:00,15:00,AI Office Hours,Gen AI,Office Hours,Tech L&D,Enrique,EMEA;UK;LATAM,English,All Staff,Scheduled,Training Session,,Have you completed your Gen AI training but need some additional support? Come along to one of our weekly AI Office hours and we can help you overcome your AI challenges in Pencil or the Sandbox. ,Yes,AI Office Hours,
24/06/2026,Wednesday,26,17:00,18:00,AI Office Hours,Gen AI,Office Hours,Tech L&D,Enrique,LATAM;NA-Eastern,English,All Staff,Scheduled,Training Session,,Have you completed your Gen AI training but need some additional support? Come along to one of our weekly AI Office hours and we can help you overcome your AI challenges in Pencil or the Sandbox. ,Yes,AI Office Hours,
25/06/2026,Thursday,26,09:00,10:30,Pencil Image Generation,Pencil,Live Workshop,Tech L&D,Enrique,APAC;EMEA;UK,English,Creative,Scheduled,Training Session,,Master the art of creating effective prompts for image generation! Discover how to craft detailed prompts and delve into various image generation models. Amend prompts with ease and utilise Pencil’s editing tools to ensure assets meet design briefs and accelerate your campaign.,Yes,Pencil Silver Pathway,
26/06/2026,Friday,26,09:00,10:30,Pencil Video Generation,Pencil,Live Workshop,Tech L&D,Enrique,APAC;EMEA;UK,English,Creative,Scheduled,Training Session,,Placeholder text,Yes,Pencil Silver Pathway,
29/06/2026,Monday,27,09:00,10:30,Pencil Building and Using Templates,Pencil,Live Workshop,Tech L&D,Enrique,APAC;EMEA;UK,English,Creative,Scheduled,Training Session,,"Explore how to create and edit templates using text, images, music, animations, and brand assets. This course will help you to streamline your creative process and generate dynamic content efficiently and quickly. Get producing high-quality, multi-format creatives that perfectly match your brand. ",Yes,Pencil Silver Pathway,
30/06/2026,Tuesday,27,09:00,10:30,Pencil Generating Creatives in Bulk,Pencil,Live Workshop,Tech L&D,Enrique,APAC;EMEA;UK,English,Creative,Scheduled,Training Session,,Placeholder text,Yes,Pencil Silver Pathway,
01/07/2026,Wednesday,27,08:00,09:00,AI Office Hours,Gen AI,Office Hours,Tech L&D,Enrique,APAC;EMEA,English,All Staff,Scheduled,Training Session,,Have you completed your Gen AI training but need some additional support? Come along to one of our weekly AI Office hours and we can help you overcome your AI challenges in Pencil or the Sandbox. ,Yes,AI Office Hours,
01/07/2026,Wednesday,27,14:00,15:00,AI Office Hours,Gen AI,Office Hours,Tech L&D,Enrique,EMEA;UK;LATAM,English,All Staff,Scheduled,Training Session,,Have you completed your Gen AI training but need some additional support? Come along to one of our weekly AI Office hours and we can help you overcome your AI challenges in Pencil or the Sandbox. ,Yes,AI Office Hours,
01/07/2026,Wednesday,27,17:00,18:00,AI Office Hours,Gen AI,Office Hours,Tech L&D,Enrique,LATAM;NA-Eastern,English,All Staff,Scheduled,Training Session,,Have you completed your Gen AI training but need some additional support? Come along to one of our weekly AI Office hours and we can help you overcome your AI challenges in Pencil or the Sandbox. ,Yes,AI Office Hours,
02/07/2026,Thursday,27,,,,,,,,,,,,,,,,,
03/07/2026,Friday,27,,,,,,,,,,,,,,,,,
06/07/2026,Monday,28,18:00,19:00,Pencil 101,Pencil,Live Workshop,Pencil,Vanessa,LATAM;NA-Eastern;NA-Pacific,Brazilian Portuguese,Creative,Scheduled,Training Session,,In this Pencil 101 session we will walk you through a high level overview of Pencil and it's features and benefits.,Yes,Pencil Silver Pathway,
07/07/2026,Tuesday,28,18:00,19:30,Pencil Copy and Strategy,Pencil,Live Workshop,Pencil,Vanessa,LATAM;NA-Eastern;NA-Pacific,Brazilian Portuguese,Creative,Scheduled,Training Session,,The key to a good marketing campaign is a clear strategy.  This course explores the essential techniques for generating strategy and content to enhance your marketing efforts. Learn how to utilise LLMs to produce copy in multiple languages and explore text analysis tools to refine your content,Yes,Pencil Silver Pathway,
08/07/2026,Wednesday,28,18:00,19:30,Pencil Image Generation,Pencil,Live Workshop,Pencil,Vanessa,LATAM;NA-Eastern;NA-Pacific,Brazilian Portuguese,Creative,Scheduled,Training Session,,Master the art of creating effective prompts for image generation! Discover how to craft detailed prompts and delve into various image generation models. Amend prompts with ease and utilise Pencil’s editing tools to ensure assets meet design briefs and accelerate your campaign.,Yes,Pencil Silver Pathway,
09/07/2026,Thursday,28,18:00,19:30,Pencil Video Generation,Pencil,Live Workshop,Pencil,Vanessa,LATAM;NA-Eastern;NA-Pacific,Brazilian Portuguese,Creative,Scheduled,Training Session,,Placeholder text,Yes,Pencil Silver Pathway,
10/07/2026,Friday,28,18:00,19:30,Pencil Building and Using Templates,Pencil,Live Workshop,Pencil,Vanessa,LATAM;NA-Eastern;NA-Pacific,Brazilian Portuguese,Creative,Scheduled,Training Session,,"Explore how to create and edit templates using text, images, music, animations, and brand assets. This course will help you to streamline your creative process and generate dynamic content efficiently and quickly. Get producing high-quality, multi-format creatives that perfectly match your brand. ",Yes,Pencil Silver Pathway,
13/07/2026,Monday,29,18:00,19:30,Pencil Generating Creatives in Bulk,Pencil,Live Workshop,Pencil,Vanessa,LATAM;NA-Eastern;NA-Pacific,Brazilian Portuguese,Creative,Scheduled,Training Session,,Placeholder text,Yes,Pencil Silver Pathway,
14/07/2026,Tuesday,29,,,,,,,,,,,,,,,,,
15/07/2026,Wednesday,29,,,,,,,,,,,,,,,,,
16/07/2026,Thursday,29,,,,,,,,,,,,,,,,,
17/07/2026,Friday,29,,,,,,,,,,,,,,,,,
20/07/2026,Monday,30,,,,,,,,,,,,,,,,,
21/07/2026,Tuesday,30,,,,,,,,,,,,,,,,,
22/07/2026,Wednesday,30,,,,,,,,,,,,,,,,,
23/07/2026,Thursday,30,,,,,,,,,,,,,,,,,
24/07/2026,Friday,30,,,,,,,,,,,,,,,,,
27/07/2026,Monday,31,,,,,,,,,,,,,,,,,
28/07/2026,Tuesday,31,,,,,,,,,,,,,,,,,
29/07/2026,Wednesday,31,,,,,,,,,,,,,,,,,
30/07/2026,Thursday,31,,,,,,,,,,,,,,,,,
31/07/2026,Friday,31,,,,,,,,,,,,,,,,,
03/08/2026,Monday,32,,,,,,,,,,,,,,,,,
04/08/2026,Tuesday,32,,,,,,,,,,,,,,,,,
05/08/2026,Wednesday,32,,,,,,,,,,,,,,,,,
06/08/2026,Thursday,32,,,,,,,,,,,,,,,,,
07/08/2026,Friday,32,,,,,,,,,,,,,,,,,
10/08/2026,Monday,33,,,,,,,,,,,,,,,,,
11/08/2026,Tuesday,33,,,,,,,,,,,,,,,,,
12/08/2026,Wednesday,33,,,,,,,,,,,,,,,,,
13/08/2026,Thursday,33,,,,,,,,,,,,,,,,,
14/08/2026,Friday,33,,,,,,,,,,,,,,,,,
17/08/2026,Monday,34,,,,,,,,,,,,,,,,,
18/08/2026,Tuesday,34,,,,,,,,,,,,,,,,,
19/08/2026,Wednesday,34,,,,,,,,,,,,,,,,,
20/08/2026,Thursday,34,,,,,,,,,,,,,,,,,
21/08/2026,Friday,34,,,,,,,,,,,,,,,,,
24/08/2026,Monday,35,,,,,,,,,,,,,,,,,
25/08/2026,Tuesday,35,,,,,,,,,,,,,,,,,
26/08/2026,Wednesday,35,,,,,,,,,,,,,,,,,
27/08/2026,Thursday,35,,,,,,,,,,,,,,,,,
28/08/2026,Friday,35,,,,,,,,,,,,,,,,,
31/08/2026,Monday,36,,,,,,,,,,,,,,,,,
01/09/2026,Tuesday,36,,,,,,,,,,,,,,,,,
02/09/2026,Wednesday,36,,,,,,,,,,,,,,,,,
03/09/2026,Thursday,36,,,,,,,,,,,,,,,,,
04/09/2026,Friday,36,,,,,,,,,,,,,,,,,
07/09/2026,Monday,37,,,,,,,,,,,,,,,,,
08/09/2026,Tuesday,37,,,,,,,,,,,,,,,,,
09/09/2026,Wednesday,37,,,,,,,,,,,,,,,,,
10/09/2026,Thursday,37,,,,,,,,,,,,,,,,,
11/09/2026,Friday,37,,,,,,,,,,,,,,,,,
14/09/2026,Monday,38,,,,,,,,,,,,,,,,,
15/09/2026,Tuesday,38,,,,,,,,,,,,,,,,,
16/09/2026,Wednesday,38,,,,,,,,,,,,,,,,,
17/09/2026,Thursday,38,,,,,,,,,,,,,,,,,
18/09/2026,Friday,38,,,,,,,,,,,,,,,,,
21/09/2026,Monday,39,,,,,,,,,,,,,,,,,
22/09/2026,Tuesday,39,,,,,,,,,,,,,,,,,
23/09/2026,Wednesday,39,,,,,,,,,,,,,,,,,
24/09/2026,Thursday,39,,,,,,,,,,,,,,,,,
25/09/2026,Friday,39,,,,,,,,,,,,,,,,,
28/09/2026,Monday,40,,,,,,,,,,,,,,,,,
29/09/2026,Tuesday,40,,,,,,,,,,,,,,,,,
30/09/2026,Wednesday,40,,,,,,,,,,,,,,,,,
01/10/2026,Thursday,40,,,,,,,,,,,,,,,,,
02/10/2026,Friday,40,,,,,,,,,,,,,,,,,
05/10/2026,Monday,41,,,,,,,,,,,,,,,,,
06/10/2026,Tuesday,41,,,,,,,,,,,,,,,,,
07/10/2026,Wednesday,41,,,,,,,,,,,,,,,,,
08/10/2026,Thursday,41,,,,,,,,,,,,,,,,,
09/10/2026,Friday,41,,,,,,,,,,,,,,,,,
12/10/2026,Monday,42,,,,,,,,,,,,,,,,,
13/10/2026,Tuesday,42,,,,,,,,,,,,,,,,,
14/10/2026,Wednesday,42,,,,,,,,,,,,,,,,,
15/10/2026,Thursday,42,,,,,,,,,,,,,,,,,
16/10/2026,Friday,42,,,,,,,,,,,,,,,,,
19/10/2026,Monday,43,,,,,,,,,,,,,,,,,
20/10/2026,Tuesday,43,,,,,,,,,,,,,,,,,
21/10/2026,Wednesday,43,,,,,,,,,,,,,,,,,
22/10/2026,Thursday,43,,,,,,,,,,,,,,,,,
23/10/2026,Friday,43,,,,,,,,,,,,,,,,,
26/10/2026,Monday,44,,,,,,,,,,,,,,,,,
27/10/2026,Tuesday,44,,,,,,,,,,,,,,,,,
28/10/2026,Wednesday,44,,,,,,,,,,,,,,,,,
29/10/2026,Thursday,44,,,,,,,,,,,,,,,,,
30/10/2026,Friday,44,,,,,,,,,,,,,,,,,
02/11/2026,Monday,45,,,,,,,,,,,,,,,,,
03/11/2026,Tuesday,45,,,,,,,,,,,,,,,,,
04/11/2026,Wednesday,45,,,,,,,,,,,,,,,,,
05/11/2026,Thursday,45,,,,,,,,,,,,,,,,,
06/11/2026,Friday,45,,,,,,,,,,,,,,,,,
09/11/2026,Monday,46,,,,,,,,,,,,,,,,,
10/11/2026,Tuesday,46,,,,,,,,,,,,,,,,,
11/11/2026,Wednesday,46,,,,,,,,,,,,,,,,,
12/11/2026,Thursday,46,,,,,,,,,,,,,,,,,
13/11/2026,Friday,46,,,,,,,,,,,,,,,,,
16/11/2026,Monday,47,,,,,,,,,,,,,,,,,
17/11/2026,Tuesday,47,,,,,,,,,,,,,,,,,
18/11/2026,Wednesday,47,,,,,,,,,,,,,,,,,
19/11/2026,Thursday,47,,,,,,,,,,,,,,,,,
20/11/2026,Friday,47,,,,,,,,,,,,,,,,,
23/11/2026,Monday,48,,,,,,,,,,,,,,,,,
24/11/2026,Tuesday,48,,,,,,,,,,,,,,,,,
25/11/2026,Wednesday,48,,,,,,,,,,,,,,,,,
26/11/2026,Thursday,48,,,,,,,,,,,,,,,,,
27/11/2026,Friday,48,,,,,,,,,,,,,,,,,
30/11/2026,Monday,49,,,,,,,,,,,,,,,,,
01/12/2026,Tuesday,49,,,,,,,,,,,,,,,,,
02/12/2026,Wednesday,49,,,,,,,,,,,,,,,,,
03/12/2026,Thursday,49,,,,,,,,,,,,,,,,,
04/12/2026,Friday,49,,,,,,,,,,,,,,,,,
07/12/2026,Monday,50,,,,,,,,,,,,,,,,,
08/12/2026,Tuesday,50,,,,,,,,,,,,,,,,,
09/12/2026,Wednesday,50,,,,,,,,,,,,,,,,,
10/12/2026,Thursday,50,,,,,,,,,,,,,,,,,
11/12/2026,Friday,50,,,,,,,,,,,,,,,,,
14/12/2026,Monday,51,,,,,,,,,,,,,,,,,
15/12/2026,Tuesday,51,,,,,,,,,,,,,,,,,
16/12/2026,Wednesday,51,,,,,,,,,,,,,,,,,
17/12/2026,Thursday,51,,,,,,,,,,,,,,,,,
18/12/2026,Friday,51,,,,,,,,,,,,,,,,,
21/12/2026,Monday,52,,,,,,,,,,,,,,,,,
22/12/2026,Tuesday,52,,,,,,,,,,,,,,,,,
23/12/2026,Wednesday,52,,,,,,,,,,,,,,,,,
24/12/2026,Thursday,52,,,,,,,,,,,,,,,,,
25/12/2026,Friday,52,,,,,,,,,,,,,,,,,
28/12/2026,Monday,53,,,,,,,,,,,,,,,,,
29/12/2026,Tuesday,53,,,,,,,,,,,,,,,,,
30/12/2026,Wednesday,53,,,,,,,,,,,,,,,,,
31/12/2026,Thursday,53,,,,,,,,,,,,,,,,,
